"0","otm
"
"1","$inSeq
"
"1","  [1]"
"1","     1"
"1","    15"
"1","    32"
"1","    46"
"1","    60"
"1","    74"
"1","    91"
"1","   105"
"1","   121"
"1","   135"
"1","   152"
"1","   166"
"1","   182"
"1","   196"
"1","   213"
"1","   227"
"1","   244"
"1","   258"
"1","
"
"1"," [19]"
"1","   274"
"1","   288"
"1","   305"
"1","   319"
"1","   335"
"1","   349"
"1","   366"
"1","   380"
"1","   397"
"1","   411"
"1","   425"
"1","   439"
"1","   456"
"1","   470"
"1","   486"
"1","   500"
"1","   517"
"1","   531"
"1","
"
"1"," [37]"
"1","   547"
"1","   561"
"1","   578"
"1","   592"
"1","   609"
"1","   623"
"1","   639"
"1","   653"
"1","   670"
"1","   684"
"1","   700"
"1","   714"
"1","   731"
"1","   745"
"1","   762"
"1","   776"
"1","   791"
"1","   805"
"1","
"
"1"," [55]"
"1","   822"
"1","   836"
"1","   852"
"1","   866"
"1","   883"
"1","   897"
"1","   913"
"1","   927"
"1","   944"
"1","   958"
"1","   975"
"1","   989"
"1","  1005"
"1","  1019"
"1","  1036"
"1","  1050"
"1","  1066"
"1","  1080"
"1","
"
"1"," [73]"
"1","  1097"
"1","  1111"
"1","  1128"
"1","  1142"
"1","  1156"
"1","  1170"
"1","  1187"
"1","  1201"
"1","  1217"
"1","  1231"
"1","  1248"
"1","  1262"
"1","  1278"
"1","  1292"
"1","  1309"
"1","  1323"
"1","  1340"
"1","  1354"
"1","
"
"1"," [91]"
"1","  1370"
"1","  1384"
"1","  1401"
"1","  1415"
"1","  1431"
"1","  1445"
"1","  1462"
"1","  1476"
"1","  1493"
"1","  1507"
"1","  1521"
"1","  1535"
"1","  1552"
"1","  1566"
"1","  1582"
"1","  1596"
"1","  1613"
"1","  1627"
"1","
"
"1","[109]"
"1","  1643"
"1","  1657"
"1","  1674"
"1","  1688"
"1","  1705"
"1","  1719"
"1","  1735"
"1","  1749"
"1","  1766"
"1","  1780"
"1","  1796"
"1","  1810"
"1","  1827"
"1","  1841"
"1","  1858"
"1","  1872"
"1","  1886"
"1","  1900"
"1","
"
"1","[127]"
"1","  1917"
"1","  1931"
"1","  1947"
"1","  1961"
"1","  1978"
"1","  1992"
"1","  2008"
"1","  2022"
"1","  2039"
"1","  2053"
"1","  2070"
"1","  2084"
"1","  2100"
"1","  2114"
"1","  2131"
"1","  2145"
"1","  2161"
"1","  2175"
"1","
"
"1","[145]"
"1","  2192"
"1","  2206"
"1","  2223"
"1","  2237"
"1","  2252"
"1","  2266"
"1","  2283"
"1","  2297"
"1","  2313"
"1","  2327"
"1","  2344"
"1","  2358"
"1","  2374"
"1","  2388"
"1","  2405"
"1","  2419"
"1","  2436"
"1","  2450"
"1","
"
"1","[163]"
"1","  2466"
"1","  2480"
"1","  2497"
"1","  2511"
"1","  2527"
"1","  2541"
"1","  2558"
"1","  2572"
"1","  2589"
"1","  2603"
"1","  2617"
"1","  2631"
"1","  2648"
"1","  2662"
"1","  2678"
"1","  2692"
"1","  2709"
"1","  2723"
"1","
"
"1","[181]"
"1","  2739"
"1","  2753"
"1","  2770"
"1","  2784"
"1","  2801"
"1","  2815"
"1","  2831"
"1","  2845"
"1","  2862"
"1","  2876"
"1","  2892"
"1","  2906"
"1","  2923"
"1","  2937"
"1","  2954"
"1","  2968"
"1","  2982"
"1","  2996"
"1","
"
"1","[199]"
"1","  3013"
"1","  3027"
"1","  3043"
"1","  3057"
"1","  3074"
"1","  3088"
"1","  3104"
"1","  3118"
"1","  3135"
"1","  3149"
"1","  3166"
"1","  3180"
"1","  3196"
"1","  3210"
"1","  3227"
"1","  3241"
"1","  3257"
"1","  3271"
"1","
"
"1","[217]"
"1","  3288"
"1","  3302"
"1","  3319"
"1","  3333"
"1","  3347"
"1","  3361"
"1","  3378"
"1","  3392"
"1","  3408"
"1","  3422"
"1","  3439"
"1","  3453"
"1","  3469"
"1","  3483"
"1","  3500"
"1","  3514"
"1","  3531"
"1","  3545"
"1","
"
"1","[235]"
"1","  3561"
"1","  3575"
"1","  3592"
"1","  3606"
"1","  3622"
"1","  3636"
"1","  3653"
"1","  3667"
"1","  3684"
"1","  3698"
"1","  3713"
"1","  3727"
"1","  3744"
"1","  3758"
"1","  3774"
"1","  3788"
"1","  3805"
"1","  3819"
"1","
"
"1","[253]"
"1","  3835"
"1","  3849"
"1","  3866"
"1","  3880"
"1","  3897"
"1","  3911"
"1","  3927"
"1","  3941"
"1","  3958"
"1","  3972"
"1","  3988"
"1","  4002"
"1","  4019"
"1","  4033"
"1","  4050"
"1","  4064"
"1","  4078"
"1","  4092"
"1","
"
"1","[271]"
"1","  4109"
"1","  4123"
"1","  4139"
"1","  4153"
"1","  4170"
"1","  4184"
"1","  4200"
"1","  4214"
"1","  4231"
"1","  4245"
"1","  4262"
"1","  4276"
"1","  4292"
"1","  4306"
"1","  4323"
"1","  4337"
"1","  4353"
"1","  4367"
"1","
"
"1","[289]"
"1","  4384"
"1","  4398"
"1","  4415"
"1","  4429"
"1","  4443"
"1","  4457"
"1","  4474"
"1","  4488"
"1","  4504"
"1","  4518"
"1","  4535"
"1","  4549"
"1","  4565"
"1","  4579"
"1","  4596"
"1","  4610"
"1","  4627"
"1","  4641"
"1","
"
"1","[307]"
"1","  4657"
"1","  4671"
"1","  4688"
"1","  4702"
"1","  4718"
"1","  4732"
"1","  4749"
"1","  4763"
"1","  4780"
"1","  4794"
"1","  4808"
"1","  4822"
"1","  4839"
"1","  4853"
"1","  4869"
"1","  4883"
"1","  4900"
"1","  4914"
"1","
"
"1","[325]"
"1","  4930"
"1","  4944"
"1","  4961"
"1","  4975"
"1","  4992"
"1","  5006"
"1","  5022"
"1","  5036"
"1","  5053"
"1","  5067"
"1","  5083"
"1","  5097"
"1","  5114"
"1","  5128"
"1","  5145"
"1","  5159"
"1","  5174"
"1","  5188"
"1","
"
"1","[343]"
"1","  5205"
"1","  5219"
"1","  5235"
"1","  5249"
"1","  5266"
"1","  5280"
"1","  5296"
"1","  5310"
"1","  5327"
"1","  5341"
"1","  5358"
"1","  5372"
"1","  5388"
"1","  5402"
"1","  5419"
"1","  5433"
"1","  5449"
"1","  5463"
"1","
"
"1","[361]"
"1","  5480"
"1","  5494"
"1","  5511"
"1","  5525"
"1","  5539"
"1","  5553"
"1","  5570"
"1","  5584"
"1","  5600"
"1","  5614"
"1","  5631"
"1","  5645"
"1","  5661"
"1","  5675"
"1","  5692"
"1","  5706"
"1","  5723"
"1","  5737"
"1","
"
"1","[379]"
"1","  5753"
"1","  5767"
"1","  5784"
"1","  5798"
"1","  5814"
"1","  5828"
"1","  5845"
"1","  5859"
"1","  5876"
"1","  5890"
"1","  5904"
"1","  5918"
"1","  5935"
"1","  5949"
"1","  5965"
"1","  5979"
"1","  5996"
"1","  6010"
"1","
"
"1","[397]"
"1","  6026"
"1","  6040"
"1","  6057"
"1","  6071"
"1","  6088"
"1","  6102"
"1","  6118"
"1","  6132"
"1","  6149"
"1","  6163"
"1","  6179"
"1","  6193"
"1","  6210"
"1","  6224"
"1","  6241"
"1","  6255"
"1","  6269"
"1","  6283"
"1","
"
"1","[415]"
"1","  6300"
"1","  6314"
"1","  6330"
"1","  6344"
"1","  6361"
"1","  6375"
"1","  6391"
"1","  6405"
"1","  6422"
"1","  6436"
"1","  6453"
"1","  6467"
"1","  6483"
"1","  6497"
"1","  6514"
"1","  6528"
"1","  6544"
"1","  6558"
"1","
"
"1","[433]"
"1","  6575"
"1","  6589"
"1","  6606"
"1","  6620"
"1","  6635"
"1","  6649"
"1","  6666"
"1","  6680"
"1","  6696"
"1","  6710"
"1","  6727"
"1","  6741"
"1","  6757"
"1","  6771"
"1","  6788"
"1","  6802"
"1","  6819"
"1","  6833"
"1","
"
"1","[451]"
"1","  6849"
"1","  6863"
"1","  6880"
"1","  6894"
"1","  6910"
"1","  6924"
"1","  6941"
"1","  6955"
"1","  6972"
"1","  6986"
"1","  7000"
"1","  7014"
"1","  7031"
"1","  7045"
"1","  7061"
"1","  7075"
"1","  7092"
"1","  7106"
"1","
"
"1","[469]"
"1","  7122"
"1","  7136"
"1","  7153"
"1","  7167"
"1","  7184"
"1","  7198"
"1","  7214"
"1","  7228"
"1","  7245"
"1","  7259"
"1","  7275"
"1","  7289"
"1","  7306"
"1","  7320"
"1","  7337"
"1","  7351"
"1","  7365"
"1","  7379"
"1","
"
"1","[487]"
"1","  7396"
"1","  7410"
"1","  7426"
"1","  7440"
"1","  7457"
"1","  7471"
"1","  7487"
"1","  7501"
"1","  7518"
"1","  7532"
"1","  7549"
"1","  7563"
"1","  7579"
"1","  7593"
"1","  7610"
"1","  7624"
"1","  7640"
"1","  7654"
"1","
"
"1","[505]"
"1","  7671"
"1","  7685"
"1","  7702"
"1","  7716"
"1","  7730"
"1","  7744"
"1","  7761"
"1","  7775"
"1","  7791"
"1","  7805"
"1","  7822"
"1","  7836"
"1","  7852"
"1","  7866"
"1","  7883"
"1","  7897"
"1","  7914"
"1","  7928"
"1","
"
"1","[523]"
"1","  7944"
"1","  7958"
"1","  7975"
"1","  7989"
"1","  8005"
"1","  8019"
"1","  8036"
"1","  8050"
"1","  8067"
"1","  8081"
"1","  8096"
"1","  8110"
"1","  8127"
"1","  8141"
"1","  8157"
"1","  8171"
"1","  8188"
"1","  8202"
"1","
"
"1","[541]"
"1","  8218"
"1","  8232"
"1","  8249"
"1","  8263"
"1","  8280"
"1","  8294"
"1","  8310"
"1","  8324"
"1","  8341"
"1","  8355"
"1","  8371"
"1","  8385"
"1","  8402"
"1","  8416"
"1","  8433"
"1","  8447"
"1","  8461"
"1","  8475"
"1","
"
"1","[559]"
"1","  8492"
"1","  8506"
"1","  8522"
"1","  8536"
"1","  8553"
"1","  8567"
"1","  8583"
"1","  8597"
"1","  8614"
"1","  8628"
"1","  8645"
"1","  8659"
"1","  8675"
"1","  8689"
"1","  8706"
"1","  8720"
"1","  8736"
"1","  8750"
"1","
"
"1","[577]"
"1","  8767"
"1","  8781"
"1","  8798"
"1","  8812"
"1","  8826"
"1","  8840"
"1","  8857"
"1","  8871"
"1","  8887"
"1","  8901"
"1","  8918"
"1","  8932"
"1","  8948"
"1","  8962"
"1","  8979"
"1","  8993"
"1","  9010"
"1","  9024"
"1","
"
"1","[595]"
"1","  9040"
"1","  9054"
"1","  9071"
"1","  9085"
"1","  9101"
"1","  9115"
"1","  9132"
"1","  9146"
"1","  9163"
"1","  9177"
"1","  9191"
"1","  9205"
"1","  9222"
"1","  9236"
"1","  9252"
"1","  9266"
"1","  9283"
"1","  9297"
"1","
"
"1","[613]"
"1","  9313"
"1","  9327"
"1","  9344"
"1","  9358"
"1","  9375"
"1","  9389"
"1","  9405"
"1","  9419"
"1","  9436"
"1","  9450"
"1","  9466"
"1","  9480"
"1","  9497"
"1","  9511"
"1","  9528"
"1","  9542"
"1","  9557"
"1","  9571"
"1","
"
"1","[631]"
"1","  9588"
"1","  9602"
"1","  9618"
"1","  9632"
"1","  9649"
"1","  9663"
"1","  9679"
"1","  9693"
"1","  9710"
"1","  9724"
"1","  9741"
"1","  9755"
"1","  9771"
"1","  9785"
"1","  9802"
"1","  9816"
"1","  9832"
"1","  9846"
"1","
"
"1","[649]"
"1","  9863"
"1","  9877"
"1","  9894"
"1","  9908"
"1","  9922"
"1","  9936"
"1","  9953"
"1","  9967"
"1","  9983"
"1","  9997"
"1"," 10014"
"1"," 10028"
"1"," 10044"
"1"," 10058"
"1"," 10075"
"1"," 10089"
"1"," 10106"
"1"," 10120"
"1","
"
"1","[667]"
"1"," 10136"
"1"," 10150"
"1"," 10167"
"1"," 10181"
"1"," 10197"
"1"," 10211"
"1"," 10228"
"1"," 10242"
"1"," 10259"
"1"," 10273"
"1"," 10287"
"1"," 10301"
"1"," 10318"
"1"," 10332"
"1"," 10348"
"1"," 10362"
"1"," 10379"
"1"," 10393"
"1","
"
"1","[685]"
"1"," 10409"
"1"," 10423"
"1"," 10440"
"1"," 10454"
"1"," 10471"
"1"," 10485"
"1"," 10501"
"1"," 10515"
"1"," 10532"
"1"," 10546"
"1"," 10562"
"1"," 10576"
"1"," 10593"
"1"," 10607"
"1"," 10624"
"1"," 10638"
"1"," 10652"
"1"," 10666"
"1","
"
"1","[703]"
"1"," 10683"
"1"," 10697"
"1"," 10713"
"1"," 10727"
"1"," 10744"
"1"," 10758"
"1"," 10774"
"1"," 10788"
"1"," 10805"
"1"," 10819"
"1"," 10836"
"1"," 10850"
"1"," 10866"
"1"," 10880"
"1"," 10897"
"1"," 10911"
"1"," 10927"
"1"," 10941"
"1","
"
"1","[721]"
"1"," 10958"
"1"," 10972"
"1"," 10989"
"1"," 11003"
"1"," 11018"
"1"," 11032"
"1"," 11049"
"1"," 11063"
"1"," 11079"
"1"," 11093"
"1"," 11110"
"1"," 11124"
"1"," 11140"
"1"," 11154"
"1"," 11171"
"1"," 11185"
"1"," 11202"
"1"," 11216"
"1","
"
"1","[739]"
"1"," 11232"
"1"," 11246"
"1"," 11263"
"1"," 11277"
"1"," 11293"
"1"," 11307"
"1"," 11324"
"1"," 11338"
"1"," 11355"
"1"," 11369"
"1"," 11383"
"1"," 11397"
"1"," 11414"
"1"," 11428"
"1"," 11444"
"1"," 11458"
"1"," 11475"
"1"," 11489"
"1","
"
"1","[757]"
"1"," 11505"
"1"," 11519"
"1"," 11536"
"1"," 11550"
"1"," 11567"
"1"," 11581"
"1"," 11597"
"1"," 11611"
"1"," 11628"
"1"," 11642"
"1"," 11658"
"1"," 11672"
"1"," 11689"
"1"," 11703"
"1"," 11720"
"1"," 11734"
"1"," 11748"
"1"," 11762"
"1","
"
"1","[775]"
"1"," 11779"
"1"," 11793"
"1"," 11809"
"1"," 11823"
"1"," 11840"
"1"," 11854"
"1"," 11870"
"1"," 11884"
"1"," 11901"
"1"," 11915"
"1"," 11932"
"1"," 11946"
"1"," 11962"
"1"," 11976"
"1"," 11993"
"1"," 12007"
"1"," 12023"
"1"," 12037"
"1","
"
"1","[793]"
"1"," 12054"
"1"," 12068"
"1"," 12085"
"1"," 12099"
"1"," 12113"
"1"," 12127"
"1"," 12144"
"1"," 12158"
"1"," 12174"
"1"," 12188"
"1"," 12205"
"1"," 12219"
"1"," 12235"
"1"," 12249"
"1"," 12266"
"1"," 12280"
"1"," 12297"
"1"," 12311"
"1","
"
"1","[811]"
"1"," 12327"
"1"," 12341"
"1"," 12358"
"1"," 12372"
"1"," 12388"
"1"," 12402"
"1","
"
"1","
"
"1","$outSeq
"
"1","  [1]"
"1","     1"
"1","    15"
"1","    32"
"1","    46"
"1","    60"
"1","    74"
"1","    91"
"1","   105"
"1","   121"
"1","   135"
"1","   152"
"1","   166"
"1","   182"
"1","   196"
"1","   213"
"1","   227"
"1","   244"
"1","   258"
"1","
"
"1"," [19]"
"1","   274"
"1","   288"
"1","   305"
"1","   319"
"1","   335"
"1","   349"
"1","   366"
"1","   380"
"1","   397"
"1","   411"
"1","   425"
"1","   439"
"1","   456"
"1","   470"
"1","   486"
"1","   500"
"1","   517"
"1","   531"
"1","
"
"1"," [37]"
"1","   547"
"1","   561"
"1","   578"
"1","   592"
"1","   609"
"1","   623"
"1","   639"
"1","   653"
"1","   670"
"1","   684"
"1","   700"
"1","   714"
"1","   731"
"1","   745"
"1","   762"
"1","   776"
"1","   791"
"1","   805"
"1","
"
"1"," [55]"
"1","   822"
"1","   836"
"1","   852"
"1","   866"
"1","   883"
"1","   897"
"1","   913"
"1","   927"
"1","   944"
"1","   958"
"1","   975"
"1","   989"
"1","  1005"
"1","  1019"
"1","  1036"
"1","  1050"
"1","  1066"
"1","  1080"
"1","
"
"1"," [73]"
"1","  1097"
"1","  1111"
"1","  1128"
"1","  1142"
"1","  1156"
"1","  1170"
"1","  1187"
"1","  1201"
"1","  1217"
"1","  1231"
"1","  1248"
"1","  1262"
"1","  1278"
"1","  1292"
"1","  1309"
"1","  1323"
"1","  1340"
"1","  1354"
"1","
"
"1"," [91]"
"1","  1370"
"1","  1384"
"1","  1401"
"1","  1415"
"1","  1431"
"1","  1445"
"1","  1462"
"1","  1476"
"1","  1493"
"1","  1507"
"1","  1521"
"1","  1535"
"1","  1552"
"1","  1566"
"1","  1582"
"1","  1596"
"1","  1613"
"1","  1627"
"1","
"
"1","[109]"
"1","  1643"
"1","  1657"
"1","  1674"
"1","  1688"
"1","  1705"
"1","  1719"
"1","  1735"
"1","  1749"
"1","  1766"
"1","  1780"
"1","  1796"
"1","  1810"
"1","  1827"
"1","  1841"
"1","  1858"
"1","  1872"
"1","  1886"
"1","  1900"
"1","
"
"1","[127]"
"1","  1917"
"1","  1931"
"1","  1947"
"1","  1961"
"1","  1978"
"1","  1992"
"1","  2008"
"1","  2022"
"1","  2039"
"1","  2053"
"1","  2070"
"1","  2084"
"1","  2100"
"1","  2114"
"1","  2131"
"1","  2145"
"1","  2161"
"1","  2175"
"1","
"
"1","[145]"
"1","  2192"
"1","  2206"
"1","  2223"
"1","  2237"
"1","  2252"
"1","  2266"
"1","  2283"
"1","  2297"
"1","  2313"
"1","  2327"
"1","  2344"
"1","  2358"
"1","  2374"
"1","  2388"
"1","  2405"
"1","  2419"
"1","  2436"
"1","  2450"
"1","
"
"1","[163]"
"1","  2466"
"1","  2480"
"1","  2497"
"1","  2511"
"1","  2527"
"1","  2541"
"1","  2558"
"1","  2572"
"1","  2589"
"1","  2603"
"1","  2617"
"1","  2631"
"1","  2648"
"1","  2662"
"1","  2678"
"1","  2692"
"1","  2709"
"1","  2723"
"1","
"
"1","[181]"
"1","  2739"
"1","  2753"
"1","  2770"
"1","  2784"
"1","  2801"
"1","  2815"
"1","  2831"
"1","  2845"
"1","  2862"
"1","  2876"
"1","  2892"
"1","  2906"
"1","  2923"
"1","  2937"
"1","  2954"
"1","  2968"
"1","  2982"
"1","  2996"
"1","
"
"1","[199]"
"1","  3013"
"1","  3027"
"1","  3043"
"1","  3057"
"1","  3074"
"1","  3088"
"1","  3104"
"1","  3118"
"1","  3135"
"1","  3149"
"1","  3166"
"1","  3180"
"1","  3196"
"1","  3210"
"1","  3227"
"1","  3241"
"1","  3257"
"1","  3271"
"1","
"
"1","[217]"
"1","  3288"
"1","  3302"
"1","  3319"
"1","  3333"
"1","  3347"
"1","  3361"
"1","  3378"
"1","  3392"
"1","  3408"
"1","  3422"
"1","  3439"
"1","  3453"
"1","  3469"
"1","  3483"
"1","  3500"
"1","  3514"
"1","  3531"
"1","  3545"
"1","
"
"1","[235]"
"1","  3561"
"1","  3575"
"1","  3592"
"1","  3606"
"1","  3622"
"1","  3636"
"1","  3653"
"1","  3667"
"1","  3684"
"1","  3698"
"1","  3713"
"1","  3727"
"1","  3744"
"1","  3758"
"1","  3774"
"1","  3788"
"1","  3805"
"1","  3819"
"1","
"
"1","[253]"
"1","  3835"
"1","  3849"
"1","  3866"
"1","  3880"
"1","  3897"
"1","  3911"
"1","  3927"
"1","  3941"
"1","  3958"
"1","  3972"
"1","  3988"
"1","  4002"
"1","  4019"
"1","  4033"
"1","  4050"
"1","  4064"
"1","  4078"
"1","  4092"
"1","
"
"1","[271]"
"1","  4109"
"1","  4123"
"1","  4139"
"1","  4153"
"1","  4170"
"1","  4184"
"1","  4200"
"1","  4214"
"1","  4231"
"1","  4245"
"1","  4262"
"1","  4276"
"1","  4292"
"1","  4306"
"1","  4323"
"1","  4337"
"1","  4353"
"1","  4367"
"1","
"
"1","[289]"
"1","  4384"
"1","  4398"
"1","  4415"
"1","  4429"
"1","  4443"
"1","  4457"
"1","  4474"
"1","  4488"
"1","  4504"
"1","  4518"
"1","  4535"
"1","  4549"
"1","  4565"
"1","  4579"
"1","  4596"
"1","  4610"
"1","  4627"
"1","  4641"
"1","
"
"1","[307]"
"1","  4657"
"1","  4671"
"1","  4688"
"1","  4702"
"1","  4718"
"1","  4732"
"1","  4749"
"1","  4763"
"1","  4780"
"1","  4794"
"1","  4808"
"1","  4822"
"1","  4839"
"1","  4853"
"1","  4869"
"1","  4883"
"1","  4900"
"1","  4914"
"1","
"
"1","[325]"
"1","  4930"
"1","  4944"
"1","  4961"
"1","  4975"
"1","  4992"
"1","  5006"
"1","  5022"
"1","  5036"
"1","  5053"
"1","  5067"
"1","  5083"
"1","  5097"
"1","  5114"
"1","  5128"
"1","  5145"
"1","  5159"
"1","  5174"
"1","  5188"
"1","
"
"1","[343]"
"1","  5205"
"1","  5219"
"1","  5235"
"1","  5249"
"1","  5266"
"1","  5280"
"1","  5296"
"1","  5310"
"1","  5327"
"1","  5341"
"1","  5358"
"1","  5372"
"1","  5388"
"1","  5402"
"1","  5419"
"1","  5433"
"1","  5449"
"1","  5463"
"1","
"
"1","[361]"
"1","  5480"
"1","  5494"
"1","  5511"
"1","  5525"
"1","  5539"
"1","  5553"
"1","  5570"
"1","  5584"
"1","  5600"
"1","  5614"
"1","  5631"
"1","  5645"
"1","  5661"
"1","  5675"
"1","  5692"
"1","  5706"
"1","  5723"
"1","  5737"
"1","
"
"1","[379]"
"1","  5753"
"1","  5767"
"1","  5784"
"1","  5798"
"1","  5814"
"1","  5828"
"1","  5845"
"1","  5859"
"1","  5876"
"1","  5890"
"1","  5904"
"1","  5918"
"1","  5935"
"1","  5949"
"1","  5965"
"1","  5979"
"1","  5996"
"1","  6010"
"1","
"
"1","[397]"
"1","  6026"
"1","  6040"
"1","  6057"
"1","  6071"
"1","  6088"
"1","  6102"
"1","  6118"
"1","  6132"
"1","  6149"
"1","  6163"
"1","  6179"
"1","  6193"
"1","  6210"
"1","  6224"
"1","  6241"
"1","  6255"
"1","  6269"
"1","  6283"
"1","
"
"1","[415]"
"1","  6300"
"1","  6314"
"1","  6330"
"1","  6344"
"1","  6361"
"1","  6375"
"1","  6391"
"1","  6405"
"1","  6422"
"1","  6436"
"1","  6453"
"1","  6467"
"1","  6483"
"1","  6497"
"1","  6514"
"1","  6528"
"1","  6544"
"1","  6558"
"1","
"
"1","[433]"
"1","  6575"
"1","  6589"
"1","  6606"
"1","  6620"
"1","  6635"
"1","  6649"
"1","  6666"
"1","  6680"
"1","  6696"
"1","  6710"
"1","  6727"
"1","  6741"
"1","  6757"
"1","  6771"
"1","  6788"
"1","  6802"
"1","  6819"
"1","  6833"
"1","
"
"1","[451]"
"1","  6849"
"1","  6863"
"1","  6880"
"1","  6894"
"1","  6910"
"1","  6924"
"1","  6941"
"1","  6955"
"1","  6972"
"1","  6986"
"1","  7000"
"1","  7014"
"1","  7031"
"1","  7045"
"1","  7061"
"1","  7075"
"1","  7092"
"1","  7106"
"1","
"
"1","[469]"
"1","  7122"
"1","  7136"
"1","  7153"
"1","  7167"
"1","  7184"
"1","  7198"
"1","  7214"
"1","  7228"
"1","  7245"
"1","  7259"
"1","  7275"
"1","  7289"
"1","  7306"
"1","  7320"
"1","  7337"
"1","  7351"
"1","  7365"
"1","  7379"
"1","
"
"1","[487]"
"1","  7396"
"1","  7410"
"1","  7426"
"1","  7440"
"1","  7457"
"1","  7471"
"1","  7487"
"1","  7501"
"1","  7518"
"1","  7532"
"1","  7549"
"1","  7563"
"1","  7579"
"1","  7593"
"1","  7610"
"1","  7624"
"1","  7640"
"1","  7654"
"1","
"
"1","[505]"
"1","  7671"
"1","  7685"
"1","  7702"
"1","  7716"
"1","  7730"
"1","  7744"
"1","  7761"
"1","  7775"
"1","  7791"
"1","  7805"
"1","  7822"
"1","  7836"
"1","  7852"
"1","  7866"
"1","  7883"
"1","  7897"
"1","  7914"
"1","  7928"
"1","
"
"1","[523]"
"1","  7944"
"1","  7958"
"1","  7975"
"1","  7989"
"1","  8005"
"1","  8019"
"1","  8036"
"1","  8050"
"1","  8067"
"1","  8081"
"1","  8096"
"1","  8110"
"1","  8127"
"1","  8141"
"1","  8157"
"1","  8171"
"1","  8188"
"1","  8202"
"1","
"
"1","[541]"
"1","  8218"
"1","  8232"
"1","  8249"
"1","  8263"
"1","  8280"
"1","  8294"
"1","  8310"
"1","  8324"
"1","  8341"
"1","  8355"
"1","  8371"
"1","  8385"
"1","  8402"
"1","  8416"
"1","  8433"
"1","  8447"
"1","  8461"
"1","  8475"
"1","
"
"1","[559]"
"1","  8492"
"1","  8506"
"1","  8522"
"1","  8536"
"1","  8553"
"1","  8567"
"1","  8583"
"1","  8597"
"1","  8614"
"1","  8628"
"1","  8645"
"1","  8659"
"1","  8675"
"1","  8689"
"1","  8706"
"1","  8720"
"1","  8736"
"1","  8750"
"1","
"
"1","[577]"
"1","  8767"
"1","  8781"
"1","  8798"
"1","  8812"
"1","  8826"
"1","  8840"
"1","  8857"
"1","  8871"
"1","  8887"
"1","  8901"
"1","  8918"
"1","  8932"
"1","  8948"
"1","  8962"
"1","  8979"
"1","  8993"
"1","  9010"
"1","  9024"
"1","
"
"1","[595]"
"1","  9040"
"1","  9054"
"1","  9071"
"1","  9085"
"1","  9101"
"1","  9115"
"1","  9132"
"1","  9146"
"1","  9163"
"1","  9177"
"1","  9191"
"1","  9205"
"1","  9222"
"1","  9236"
"1","  9252"
"1","  9266"
"1","  9283"
"1","  9297"
"1","
"
"1","[613]"
"1","  9313"
"1","  9327"
"1","  9344"
"1","  9358"
"1","  9375"
"1","  9389"
"1","  9405"
"1","  9419"
"1","  9436"
"1","  9450"
"1","  9466"
"1","  9480"
"1","  9497"
"1","  9511"
"1","  9528"
"1","  9542"
"1","  9557"
"1","  9571"
"1","
"
"1","[631]"
"1","  9588"
"1","  9602"
"1","  9618"
"1","  9632"
"1","  9649"
"1","  9663"
"1","  9679"
"1","  9693"
"1","  9710"
"1","  9724"
"1","  9741"
"1","  9755"
"1","  9771"
"1","  9785"
"1","  9802"
"1","  9816"
"1","  9832"
"1","  9846"
"1","
"
"1","[649]"
"1","  9863"
"1","  9877"
"1","  9894"
"1","  9908"
"1","  9922"
"1","  9936"
"1","  9953"
"1","  9967"
"1","  9983"
"1","  9997"
"1"," 10014"
"1"," 10028"
"1"," 10044"
"1"," 10058"
"1"," 10075"
"1"," 10089"
"1"," 10106"
"1"," 10120"
"1","
"
"1","[667]"
"1"," 10136"
"1"," 10150"
"1"," 10167"
"1"," 10181"
"1"," 10197"
"1"," 10211"
"1"," 10228"
"1"," 10242"
"1"," 10259"
"1"," 10273"
"1"," 10287"
"1"," 10301"
"1"," 10318"
"1"," 10332"
"1"," 10348"
"1"," 10362"
"1"," 10379"
"1"," 10393"
"1","
"
"1","[685]"
"1"," 10409"
"1"," 10423"
"1"," 10440"
"1"," 10454"
"1"," 10471"
"1"," 10485"
"1"," 10501"
"1"," 10515"
"1"," 10532"
"1"," 10546"
"1"," 10562"
"1"," 10576"
"1"," 10593"
"1"," 10607"
"1"," 10624"
"1"," 10638"
"1"," 10652"
"1"," 10666"
"1","
"
"1","[703]"
"1"," 10683"
"1"," 10697"
"1"," 10713"
"1"," 10727"
"1"," 10744"
"1"," 10758"
"1"," 10774"
"1"," 10788"
"1"," 10805"
"1"," 10819"
"1"," 10836"
"1"," 10850"
"1"," 10866"
"1"," 10880"
"1"," 10897"
"1"," 10911"
"1"," 10927"
"1"," 10941"
"1","
"
"1","[721]"
"1"," 10958"
"1"," 10972"
"1"," 10989"
"1"," 11003"
"1"," 11018"
"1"," 11032"
"1"," 11049"
"1"," 11063"
"1"," 11079"
"1"," 11093"
"1"," 11110"
"1"," 11124"
"1"," 11140"
"1"," 11154"
"1"," 11171"
"1"," 11185"
"1"," 11202"
"1"," 11216"
"1","
"
"1","[739]"
"1"," 11232"
"1"," 11246"
"1"," 11263"
"1"," 11277"
"1"," 11293"
"1"," 11307"
"1"," 11324"
"1"," 11338"
"1"," 11355"
"1"," 11369"
"1"," 11383"
"1"," 11397"
"1"," 11414"
"1"," 11428"
"1"," 11444"
"1"," 11458"
"1"," 11475"
"1"," 11489"
"1","
"
"1","[757]"
"1"," 11505"
"1"," 11519"
"1"," 11536"
"1"," 11550"
"1"," 11567"
"1"," 11581"
"1"," 11597"
"1"," 11611"
"1"," 11628"
"1"," 11642"
"1"," 11658"
"1"," 11672"
"1"," 11689"
"1"," 11703"
"1"," 11720"
"1"," 11734"
"1"," 11748"
"1"," 11762"
"1","
"
"1","[775]"
"1"," 11779"
"1"," 11793"
"1"," 11809"
"1"," 11823"
"1"," 11840"
"1"," 11854"
"1"," 11870"
"1"," 11884"
"1"," 11901"
"1"," 11915"
"1"," 11932"
"1"," 11946"
"1"," 11962"
"1"," 11976"
"1"," 11993"
"1"," 12007"
"1"," 12023"
"1"," 12037"
"1","
"
"1","[793]"
"1"," 12054"
"1"," 12068"
"1"," 12085"
"1"," 12099"
"1"," 12113"
"1"," 12127"
"1"," 12144"
"1"," 12158"
"1"," 12174"
"1"," 12188"
"1"," 12205"
"1"," 12219"
"1"," 12235"
"1"," 12249"
"1"," 12266"
"1"," 12280"
"1"," 12297"
"1"," 12311"
"1","
"
"1","[811]"
"1"," 12327"
"1"," 12341"
"1"," 12358"
"1"," 12372"
"1"," 12388"
"1"," 12402"
"1","
"
"1","
"
"1","$inDoys
"
"1","  [1]"
"1","   1"
"1","  15"
"1","  32"
"1","  46"
"1","  60"
"1","  74"
"1","  91"
"1"," 105"
"1"," 121"
"1"," 135"
"1"," 152"
"1"," 166"
"1"," 182"
"1"," 196"
"1"," 213"
"1"," 227"
"1"," 244"
"1"," 258"
"1"," 274"
"1"," 288"
"1"," 305"
"1"," 319"
"1"," 335"
"1"," 349"
"1","   1"
"1","  15"
"1","  32"
"1","
"
"1"," [28]"
"1","  46"
"1","  60"
"1","  74"
"1","  91"
"1"," 105"
"1"," 121"
"1"," 135"
"1"," 152"
"1"," 166"
"1"," 182"
"1"," 196"
"1"," 213"
"1"," 227"
"1"," 244"
"1"," 258"
"1"," 274"
"1"," 288"
"1"," 305"
"1"," 319"
"1"," 335"
"1"," 349"
"1","   1"
"1","  15"
"1","  32"
"1","  46"
"1","  61"
"1","  75"
"1","
"
"1"," [55]"
"1","  92"
"1"," 106"
"1"," 122"
"1"," 136"
"1"," 153"
"1"," 167"
"1"," 183"
"1"," 197"
"1"," 214"
"1"," 228"
"1"," 245"
"1"," 259"
"1"," 275"
"1"," 289"
"1"," 306"
"1"," 320"
"1"," 336"
"1"," 350"
"1","   1"
"1","  15"
"1","  32"
"1","  46"
"1","  60"
"1","  74"
"1","  91"
"1"," 105"
"1"," 121"
"1","
"
"1"," [82]"
"1"," 135"
"1"," 152"
"1"," 166"
"1"," 182"
"1"," 196"
"1"," 213"
"1"," 227"
"1"," 244"
"1"," 258"
"1"," 274"
"1"," 288"
"1"," 305"
"1"," 319"
"1"," 335"
"1"," 349"
"1","   1"
"1","  15"
"1","  32"
"1","  46"
"1","  60"
"1","  74"
"1","  91"
"1"," 105"
"1"," 121"
"1"," 135"
"1"," 152"
"1"," 166"
"1","
"
"1","[109]"
"1"," 182"
"1"," 196"
"1"," 213"
"1"," 227"
"1"," 244"
"1"," 258"
"1"," 274"
"1"," 288"
"1"," 305"
"1"," 319"
"1"," 335"
"1"," 349"
"1","   1"
"1","  15"
"1","  32"
"1","  46"
"1","  60"
"1","  74"
"1","  91"
"1"," 105"
"1"," 121"
"1"," 135"
"1"," 152"
"1"," 166"
"1"," 182"
"1"," 196"
"1"," 213"
"1","
"
"1","[136]"
"1"," 227"
"1"," 244"
"1"," 258"
"1"," 274"
"1"," 288"
"1"," 305"
"1"," 319"
"1"," 335"
"1"," 349"
"1","   1"
"1","  15"
"1","  32"
"1","  46"
"1","  61"
"1","  75"
"1","  92"
"1"," 106"
"1"," 122"
"1"," 136"
"1"," 153"
"1"," 167"
"1"," 183"
"1"," 197"
"1"," 214"
"1"," 228"
"1"," 245"
"1"," 259"
"1","
"
"1","[163]"
"1"," 275"
"1"," 289"
"1"," 306"
"1"," 320"
"1"," 336"
"1"," 350"
"1","   1"
"1","  15"
"1","  32"
"1","  46"
"1","  60"
"1","  74"
"1","  91"
"1"," 105"
"1"," 121"
"1"," 135"
"1"," 152"
"1"," 166"
"1"," 182"
"1"," 196"
"1"," 213"
"1"," 227"
"1"," 244"
"1"," 258"
"1"," 274"
"1"," 288"
"1"," 305"
"1","
"
"1","[190]"
"1"," 319"
"1"," 335"
"1"," 349"
"1","   1"
"1","  15"
"1","  32"
"1","  46"
"1","  60"
"1","  74"
"1","  91"
"1"," 105"
"1"," 121"
"1"," 135"
"1"," 152"
"1"," 166"
"1"," 182"
"1"," 196"
"1"," 213"
"1"," 227"
"1"," 244"
"1"," 258"
"1"," 274"
"1"," 288"
"1"," 305"
"1"," 319"
"1"," 335"
"1"," 349"
"1","
"
"1","[217]"
"1","   1"
"1","  15"
"1","  32"
"1","  46"
"1","  60"
"1","  74"
"1","  91"
"1"," 105"
"1"," 121"
"1"," 135"
"1"," 152"
"1"," 166"
"1"," 182"
"1"," 196"
"1"," 213"
"1"," 227"
"1"," 244"
"1"," 258"
"1"," 274"
"1"," 288"
"1"," 305"
"1"," 319"
"1"," 335"
"1"," 349"
"1","   1"
"1","  15"
"1","  32"
"1","
"
"1","[244]"
"1","  46"
"1","  61"
"1","  75"
"1","  92"
"1"," 106"
"1"," 122"
"1"," 136"
"1"," 153"
"1"," 167"
"1"," 183"
"1"," 197"
"1"," 214"
"1"," 228"
"1"," 245"
"1"," 259"
"1"," 275"
"1"," 289"
"1"," 306"
"1"," 320"
"1"," 336"
"1"," 350"
"1","   1"
"1","  15"
"1","  32"
"1","  46"
"1","  60"
"1","  74"
"1","
"
"1","[271]"
"1","  91"
"1"," 105"
"1"," 121"
"1"," 135"
"1"," 152"
"1"," 166"
"1"," 182"
"1"," 196"
"1"," 213"
"1"," 227"
"1"," 244"
"1"," 258"
"1"," 274"
"1"," 288"
"1"," 305"
"1"," 319"
"1"," 335"
"1"," 349"
"1","   1"
"1","  15"
"1","  32"
"1","  46"
"1","  60"
"1","  74"
"1","  91"
"1"," 105"
"1"," 121"
"1","
"
"1","[298]"
"1"," 135"
"1"," 152"
"1"," 166"
"1"," 182"
"1"," 196"
"1"," 213"
"1"," 227"
"1"," 244"
"1"," 258"
"1"," 274"
"1"," 288"
"1"," 305"
"1"," 319"
"1"," 335"
"1"," 349"
"1","   1"
"1","  15"
"1","  32"
"1","  46"
"1","  60"
"1","  74"
"1","  91"
"1"," 105"
"1"," 121"
"1"," 135"
"1"," 152"
"1"," 166"
"1","
"
"1","[325]"
"1"," 182"
"1"," 196"
"1"," 213"
"1"," 227"
"1"," 244"
"1"," 258"
"1"," 274"
"1"," 288"
"1"," 305"
"1"," 319"
"1"," 335"
"1"," 349"
"1","   1"
"1","  15"
"1","  32"
"1","  46"
"1","  61"
"1","  75"
"1","  92"
"1"," 106"
"1"," 122"
"1"," 136"
"1"," 153"
"1"," 167"
"1"," 183"
"1"," 197"
"1"," 214"
"1","
"
"1","[352]"
"1"," 228"
"1"," 245"
"1"," 259"
"1"," 275"
"1"," 289"
"1"," 306"
"1"," 320"
"1"," 336"
"1"," 350"
"1","   1"
"1","  15"
"1","  32"
"1","  46"
"1","  60"
"1","  74"
"1","  91"
"1"," 105"
"1"," 121"
"1"," 135"
"1"," 152"
"1"," 166"
"1"," 182"
"1"," 196"
"1"," 213"
"1"," 227"
"1"," 244"
"1"," 258"
"1","
"
"1","[379]"
"1"," 274"
"1"," 288"
"1"," 305"
"1"," 319"
"1"," 335"
"1"," 349"
"1","   1"
"1","  15"
"1","  32"
"1","  46"
"1","  60"
"1","  74"
"1","  91"
"1"," 105"
"1"," 121"
"1"," 135"
"1"," 152"
"1"," 166"
"1"," 182"
"1"," 196"
"1"," 213"
"1"," 227"
"1"," 244"
"1"," 258"
"1"," 274"
"1"," 288"
"1"," 305"
"1","
"
"1","[406]"
"1"," 319"
"1"," 335"
"1"," 349"
"1","   1"
"1","  15"
"1","  32"
"1","  46"
"1","  60"
"1","  74"
"1","  91"
"1"," 105"
"1"," 121"
"1"," 135"
"1"," 152"
"1"," 166"
"1"," 182"
"1"," 196"
"1"," 213"
"1"," 227"
"1"," 244"
"1"," 258"
"1"," 274"
"1"," 288"
"1"," 305"
"1"," 319"
"1"," 335"
"1"," 349"
"1","
"
"1","[433]"
"1","   1"
"1","  15"
"1","  32"
"1","  46"
"1","  61"
"1","  75"
"1","  92"
"1"," 106"
"1"," 122"
"1"," 136"
"1"," 153"
"1"," 167"
"1"," 183"
"1"," 197"
"1"," 214"
"1"," 228"
"1"," 245"
"1"," 259"
"1"," 275"
"1"," 289"
"1"," 306"
"1"," 320"
"1"," 336"
"1"," 350"
"1","   1"
"1","  15"
"1","  32"
"1","
"
"1","[460]"
"1","  46"
"1","  60"
"1","  74"
"1","  91"
"1"," 105"
"1"," 121"
"1"," 135"
"1"," 152"
"1"," 166"
"1"," 182"
"1"," 196"
"1"," 213"
"1"," 227"
"1"," 244"
"1"," 258"
"1"," 274"
"1"," 288"
"1"," 305"
"1"," 319"
"1"," 335"
"1"," 349"
"1","   1"
"1","  15"
"1","  32"
"1","  46"
"1","  60"
"1","  74"
"1","
"
"1","[487]"
"1","  91"
"1"," 105"
"1"," 121"
"1"," 135"
"1"," 152"
"1"," 166"
"1"," 182"
"1"," 196"
"1"," 213"
"1"," 227"
"1"," 244"
"1"," 258"
"1"," 274"
"1"," 288"
"1"," 305"
"1"," 319"
"1"," 335"
"1"," 349"
"1","   1"
"1","  15"
"1","  32"
"1","  46"
"1","  60"
"1","  74"
"1","  91"
"1"," 105"
"1"," 121"
"1","
"
"1","[514]"
"1"," 135"
"1"," 152"
"1"," 166"
"1"," 182"
"1"," 196"
"1"," 213"
"1"," 227"
"1"," 244"
"1"," 258"
"1"," 274"
"1"," 288"
"1"," 305"
"1"," 319"
"1"," 335"
"1"," 349"
"1","   1"
"1","  15"
"1","  32"
"1","  46"
"1","  61"
"1","  75"
"1","  92"
"1"," 106"
"1"," 122"
"1"," 136"
"1"," 153"
"1"," 167"
"1","
"
"1","[541]"
"1"," 183"
"1"," 197"
"1"," 214"
"1"," 228"
"1"," 245"
"1"," 259"
"1"," 275"
"1"," 289"
"1"," 306"
"1"," 320"
"1"," 336"
"1"," 350"
"1","   1"
"1","  15"
"1","  32"
"1","  46"
"1","  60"
"1","  74"
"1","  91"
"1"," 105"
"1"," 121"
"1"," 135"
"1"," 152"
"1"," 166"
"1"," 182"
"1"," 196"
"1"," 213"
"1","
"
"1","[568]"
"1"," 227"
"1"," 244"
"1"," 258"
"1"," 274"
"1"," 288"
"1"," 305"
"1"," 319"
"1"," 335"
"1"," 349"
"1","   1"
"1","  15"
"1","  32"
"1","  46"
"1","  60"
"1","  74"
"1","  91"
"1"," 105"
"1"," 121"
"1"," 135"
"1"," 152"
"1"," 166"
"1"," 182"
"1"," 196"
"1"," 213"
"1"," 227"
"1"," 244"
"1"," 258"
"1","
"
"1","[595]"
"1"," 274"
"1"," 288"
"1"," 305"
"1"," 319"
"1"," 335"
"1"," 349"
"1","   1"
"1","  15"
"1","  32"
"1","  46"
"1","  60"
"1","  74"
"1","  91"
"1"," 105"
"1"," 121"
"1"," 135"
"1"," 152"
"1"," 166"
"1"," 182"
"1"," 196"
"1"," 213"
"1"," 227"
"1"," 244"
"1"," 258"
"1"," 274"
"1"," 288"
"1"," 305"
"1","
"
"1","[622]"
"1"," 319"
"1"," 335"
"1"," 349"
"1","   1"
"1","  15"
"1","  32"
"1","  46"
"1","  61"
"1","  75"
"1","  92"
"1"," 106"
"1"," 122"
"1"," 136"
"1"," 153"
"1"," 167"
"1"," 183"
"1"," 197"
"1"," 214"
"1"," 228"
"1"," 245"
"1"," 259"
"1"," 275"
"1"," 289"
"1"," 306"
"1"," 320"
"1"," 336"
"1"," 350"
"1","
"
"1","[649]"
"1","   1"
"1","  15"
"1","  32"
"1","  46"
"1","  60"
"1","  74"
"1","  91"
"1"," 105"
"1"," 121"
"1"," 135"
"1"," 152"
"1"," 166"
"1"," 182"
"1"," 196"
"1"," 213"
"1"," 227"
"1"," 244"
"1"," 258"
"1"," 274"
"1"," 288"
"1"," 305"
"1"," 319"
"1"," 335"
"1"," 349"
"1","   1"
"1","  15"
"1","  32"
"1","
"
"1","[676]"
"1","  46"
"1","  60"
"1","  74"
"1","  91"
"1"," 105"
"1"," 121"
"1"," 135"
"1"," 152"
"1"," 166"
"1"," 182"
"1"," 196"
"1"," 213"
"1"," 227"
"1"," 244"
"1"," 258"
"1"," 274"
"1"," 288"
"1"," 305"
"1"," 319"
"1"," 335"
"1"," 349"
"1","   1"
"1","  15"
"1","  32"
"1","  46"
"1","  60"
"1","  74"
"1","
"
"1","[703]"
"1","  91"
"1"," 105"
"1"," 121"
"1"," 135"
"1"," 152"
"1"," 166"
"1"," 182"
"1"," 196"
"1"," 213"
"1"," 227"
"1"," 244"
"1"," 258"
"1"," 274"
"1"," 288"
"1"," 305"
"1"," 319"
"1"," 335"
"1"," 349"
"1","   1"
"1","  15"
"1","  32"
"1","  46"
"1","  61"
"1","  75"
"1","  92"
"1"," 106"
"1"," 122"
"1","
"
"1","[730]"
"1"," 136"
"1"," 153"
"1"," 167"
"1"," 183"
"1"," 197"
"1"," 214"
"1"," 228"
"1"," 245"
"1"," 259"
"1"," 275"
"1"," 289"
"1"," 306"
"1"," 320"
"1"," 336"
"1"," 350"
"1","   1"
"1","  15"
"1","  32"
"1","  46"
"1","  60"
"1","  74"
"1","  91"
"1"," 105"
"1"," 121"
"1"," 135"
"1"," 152"
"1"," 166"
"1","
"
"1","[757]"
"1"," 182"
"1"," 196"
"1"," 213"
"1"," 227"
"1"," 244"
"1"," 258"
"1"," 274"
"1"," 288"
"1"," 305"
"1"," 319"
"1"," 335"
"1"," 349"
"1","   1"
"1","  15"
"1","  32"
"1","  46"
"1","  60"
"1","  74"
"1","  91"
"1"," 105"
"1"," 121"
"1"," 135"
"1"," 152"
"1"," 166"
"1"," 182"
"1"," 196"
"1"," 213"
"1","
"
"1","[784]"
"1"," 227"
"1"," 244"
"1"," 258"
"1"," 274"
"1"," 288"
"1"," 305"
"1"," 319"
"1"," 335"
"1"," 349"
"1","   1"
"1","  15"
"1","  32"
"1","  46"
"1","  60"
"1","  74"
"1","  91"
"1"," 105"
"1"," 121"
"1"," 135"
"1"," 152"
"1"," 166"
"1"," 182"
"1"," 196"
"1"," 213"
"1"," 227"
"1"," 244"
"1"," 258"
"1","
"
"1","[811]"
"1"," 274"
"1"," 288"
"1"," 305"
"1"," 319"
"1"," 335"
"1"," 349"
"1","
"
"1","
"
"1","$inputLayerDates
"
"1","  [1]"
"1"," ""1982-01-01"""
"1"," ""1982-01-15"""
"1"," ""1982-02-01"""
"1"," ""1982-02-15"""
"1"," ""1982-03-01"""
"1"," ""1982-03-15"""
"1"," ""1982-04-01"""
"1"," ""1982-04-15"""
"1","
"
"1","  [9]"
"1"," ""1982-05-01"""
"1"," ""1982-05-15"""
"1"," ""1982-06-01"""
"1"," ""1982-06-15"""
"1"," ""1982-07-01"""
"1"," ""1982-07-15"""
"1"," ""1982-08-01"""
"1"," ""1982-08-15"""
"1","
"
"1"," [17]"
"1"," ""1982-09-01"""
"1"," ""1982-09-15"""
"1"," ""1982-10-01"""
"1"," ""1982-10-15"""
"1"," ""1982-11-01"""
"1"," ""1982-11-15"""
"1"," ""1982-12-01"""
"1"," ""1982-12-15"""
"1","
"
"1"," [25]"
"1"," ""1983-01-01"""
"1"," ""1983-01-15"""
"1"," ""1983-02-01"""
"1"," ""1983-02-15"""
"1"," ""1983-03-01"""
"1"," ""1983-03-15"""
"1"," ""1983-04-01"""
"1"," ""1983-04-15"""
"1","
"
"1"," [33]"
"1"," ""1983-05-01"""
"1"," ""1983-05-15"""
"1"," ""1983-06-01"""
"1"," ""1983-06-15"""
"1"," ""1983-07-01"""
"1"," ""1983-07-15"""
"1"," ""1983-08-01"""
"1"," ""1983-08-15"""
"1","
"
"1"," [41]"
"1"," ""1983-09-01"""
"1"," ""1983-09-15"""
"1"," ""1983-10-01"""
"1"," ""1983-10-15"""
"1"," ""1983-11-01"""
"1"," ""1983-11-15"""
"1"," ""1983-12-01"""
"1"," ""1983-12-15"""
"1","
"
"1"," [49]"
"1"," ""1984-01-01"""
"1"," ""1984-01-15"""
"1"," ""1984-02-01"""
"1"," ""1984-02-15"""
"1"," ""1984-03-01"""
"1"," ""1984-03-15"""
"1"," ""1984-04-01"""
"1"," ""1984-04-15"""
"1","
"
"1"," [57]"
"1"," ""1984-05-01"""
"1"," ""1984-05-15"""
"1"," ""1984-06-01"""
"1"," ""1984-06-15"""
"1"," ""1984-07-01"""
"1"," ""1984-07-15"""
"1"," ""1984-08-01"""
"1"," ""1984-08-15"""
"1","
"
"1"," [65]"
"1"," ""1984-09-01"""
"1"," ""1984-09-15"""
"1"," ""1984-10-01"""
"1"," ""1984-10-15"""
"1"," ""1984-11-01"""
"1"," ""1984-11-15"""
"1"," ""1984-12-01"""
"1"," ""1984-12-15"""
"1","
"
"1"," [73]"
"1"," ""1985-01-01"""
"1"," ""1985-01-15"""
"1"," ""1985-02-01"""
"1"," ""1985-02-15"""
"1"," ""1985-03-01"""
"1"," ""1985-03-15"""
"1"," ""1985-04-01"""
"1"," ""1985-04-15"""
"1","
"
"1"," [81]"
"1"," ""1985-05-01"""
"1"," ""1985-05-15"""
"1"," ""1985-06-01"""
"1"," ""1985-06-15"""
"1"," ""1985-07-01"""
"1"," ""1985-07-15"""
"1"," ""1985-08-01"""
"1"," ""1985-08-15"""
"1","
"
"1"," [89]"
"1"," ""1985-09-01"""
"1"," ""1985-09-15"""
"1"," ""1985-10-01"""
"1"," ""1985-10-15"""
"1"," ""1985-11-01"""
"1"," ""1985-11-15"""
"1"," ""1985-12-01"""
"1"," ""1985-12-15"""
"1","
"
"1"," [97]"
"1"," ""1986-01-01"""
"1"," ""1986-01-15"""
"1"," ""1986-02-01"""
"1"," ""1986-02-15"""
"1"," ""1986-03-01"""
"1"," ""1986-03-15"""
"1"," ""1986-04-01"""
"1"," ""1986-04-15"""
"1","
"
"1","[105]"
"1"," ""1986-05-01"""
"1"," ""1986-05-15"""
"1"," ""1986-06-01"""
"1"," ""1986-06-15"""
"1"," ""1986-07-01"""
"1"," ""1986-07-15"""
"1"," ""1986-08-01"""
"1"," ""1986-08-15"""
"1","
"
"1","[113]"
"1"," ""1986-09-01"""
"1"," ""1986-09-15"""
"1"," ""1986-10-01"""
"1"," ""1986-10-15"""
"1"," ""1986-11-01"""
"1"," ""1986-11-15"""
"1"," ""1986-12-01"""
"1"," ""1986-12-15"""
"1","
"
"1","[121]"
"1"," ""1987-01-01"""
"1"," ""1987-01-15"""
"1"," ""1987-02-01"""
"1"," ""1987-02-15"""
"1"," ""1987-03-01"""
"1"," ""1987-03-15"""
"1"," ""1987-04-01"""
"1"," ""1987-04-15"""
"1","
"
"1","[129]"
"1"," ""1987-05-01"""
"1"," ""1987-05-15"""
"1"," ""1987-06-01"""
"1"," ""1987-06-15"""
"1"," ""1987-07-01"""
"1"," ""1987-07-15"""
"1"," ""1987-08-01"""
"1"," ""1987-08-15"""
"1","
"
"1","[137]"
"1"," ""1987-09-01"""
"1"," ""1987-09-15"""
"1"," ""1987-10-01"""
"1"," ""1987-10-15"""
"1"," ""1987-11-01"""
"1"," ""1987-11-15"""
"1"," ""1987-12-01"""
"1"," ""1987-12-15"""
"1","
"
"1","[145]"
"1"," ""1988-01-01"""
"1"," ""1988-01-15"""
"1"," ""1988-02-01"""
"1"," ""1988-02-15"""
"1"," ""1988-03-01"""
"1"," ""1988-03-15"""
"1"," ""1988-04-01"""
"1"," ""1988-04-15"""
"1","
"
"1","[153]"
"1"," ""1988-05-01"""
"1"," ""1988-05-15"""
"1"," ""1988-06-01"""
"1"," ""1988-06-15"""
"1"," ""1988-07-01"""
"1"," ""1988-07-15"""
"1"," ""1988-08-01"""
"1"," ""1988-08-15"""
"1","
"
"1","[161]"
"1"," ""1988-09-01"""
"1"," ""1988-09-15"""
"1"," ""1988-10-01"""
"1"," ""1988-10-15"""
"1"," ""1988-11-01"""
"1"," ""1988-11-15"""
"1"," ""1988-12-01"""
"1"," ""1988-12-15"""
"1","
"
"1","[169]"
"1"," ""1989-01-01"""
"1"," ""1989-01-15"""
"1"," ""1989-02-01"""
"1"," ""1989-02-15"""
"1"," ""1989-03-01"""
"1"," ""1989-03-15"""
"1"," ""1989-04-01"""
"1"," ""1989-04-15"""
"1","
"
"1","[177]"
"1"," ""1989-05-01"""
"1"," ""1989-05-15"""
"1"," ""1989-06-01"""
"1"," ""1989-06-15"""
"1"," ""1989-07-01"""
"1"," ""1989-07-15"""
"1"," ""1989-08-01"""
"1"," ""1989-08-15"""
"1","
"
"1","[185]"
"1"," ""1989-09-01"""
"1"," ""1989-09-15"""
"1"," ""1989-10-01"""
"1"," ""1989-10-15"""
"1"," ""1989-11-01"""
"1"," ""1989-11-15"""
"1"," ""1989-12-01"""
"1"," ""1989-12-15"""
"1","
"
"1","[193]"
"1"," ""1990-01-01"""
"1"," ""1990-01-15"""
"1"," ""1990-02-01"""
"1"," ""1990-02-15"""
"1"," ""1990-03-01"""
"1"," ""1990-03-15"""
"1"," ""1990-04-01"""
"1"," ""1990-04-15"""
"1","
"
"1","[201]"
"1"," ""1990-05-01"""
"1"," ""1990-05-15"""
"1"," ""1990-06-01"""
"1"," ""1990-06-15"""
"1"," ""1990-07-01"""
"1"," ""1990-07-15"""
"1"," ""1990-08-01"""
"1"," ""1990-08-15"""
"1","
"
"1","[209]"
"1"," ""1990-09-01"""
"1"," ""1990-09-15"""
"1"," ""1990-10-01"""
"1"," ""1990-10-15"""
"1"," ""1990-11-01"""
"1"," ""1990-11-15"""
"1"," ""1990-12-01"""
"1"," ""1990-12-15"""
"1","
"
"1","[217]"
"1"," ""1991-01-01"""
"1"," ""1991-01-15"""
"1"," ""1991-02-01"""
"1"," ""1991-02-15"""
"1"," ""1991-03-01"""
"1"," ""1991-03-15"""
"1"," ""1991-04-01"""
"1"," ""1991-04-15"""
"1","
"
"1","[225]"
"1"," ""1991-05-01"""
"1"," ""1991-05-15"""
"1"," ""1991-06-01"""
"1"," ""1991-06-15"""
"1"," ""1991-07-01"""
"1"," ""1991-07-15"""
"1"," ""1991-08-01"""
"1"," ""1991-08-15"""
"1","
"
"1","[233]"
"1"," ""1991-09-01"""
"1"," ""1991-09-15"""
"1"," ""1991-10-01"""
"1"," ""1991-10-15"""
"1"," ""1991-11-01"""
"1"," ""1991-11-15"""
"1"," ""1991-12-01"""
"1"," ""1991-12-15"""
"1","
"
"1","[241]"
"1"," ""1992-01-01"""
"1"," ""1992-01-15"""
"1"," ""1992-02-01"""
"1"," ""1992-02-15"""
"1"," ""1992-03-01"""
"1"," ""1992-03-15"""
"1"," ""1992-04-01"""
"1"," ""1992-04-15"""
"1","
"
"1","[249]"
"1"," ""1992-05-01"""
"1"," ""1992-05-15"""
"1"," ""1992-06-01"""
"1"," ""1992-06-15"""
"1"," ""1992-07-01"""
"1"," ""1992-07-15"""
"1"," ""1992-08-01"""
"1"," ""1992-08-15"""
"1","
"
"1","[257]"
"1"," ""1992-09-01"""
"1"," ""1992-09-15"""
"1"," ""1992-10-01"""
"1"," ""1992-10-15"""
"1"," ""1992-11-01"""
"1"," ""1992-11-15"""
"1"," ""1992-12-01"""
"1"," ""1992-12-15"""
"1","
"
"1","[265]"
"1"," ""1993-01-01"""
"1"," ""1993-01-15"""
"1"," ""1993-02-01"""
"1"," ""1993-02-15"""
"1"," ""1993-03-01"""
"1"," ""1993-03-15"""
"1"," ""1993-04-01"""
"1"," ""1993-04-15"""
"1","
"
"1","[273]"
"1"," ""1993-05-01"""
"1"," ""1993-05-15"""
"1"," ""1993-06-01"""
"1"," ""1993-06-15"""
"1"," ""1993-07-01"""
"1"," ""1993-07-15"""
"1"," ""1993-08-01"""
"1"," ""1993-08-15"""
"1","
"
"1","[281]"
"1"," ""1993-09-01"""
"1"," ""1993-09-15"""
"1"," ""1993-10-01"""
"1"," ""1993-10-15"""
"1"," ""1993-11-01"""
"1"," ""1993-11-15"""
"1"," ""1993-12-01"""
"1"," ""1993-12-15"""
"1","
"
"1","[289]"
"1"," ""1994-01-01"""
"1"," ""1994-01-15"""
"1"," ""1994-02-01"""
"1"," ""1994-02-15"""
"1"," ""1994-03-01"""
"1"," ""1994-03-15"""
"1"," ""1994-04-01"""
"1"," ""1994-04-15"""
"1","
"
"1","[297]"
"1"," ""1994-05-01"""
"1"," ""1994-05-15"""
"1"," ""1994-06-01"""
"1"," ""1994-06-15"""
"1"," ""1994-07-01"""
"1"," ""1994-07-15"""
"1"," ""1994-08-01"""
"1"," ""1994-08-15"""
"1","
"
"1","[305]"
"1"," ""1994-09-01"""
"1"," ""1994-09-15"""
"1"," ""1994-10-01"""
"1"," ""1994-10-15"""
"1"," ""1994-11-01"""
"1"," ""1994-11-15"""
"1"," ""1994-12-01"""
"1"," ""1994-12-15"""
"1","
"
"1","[313]"
"1"," ""1995-01-01"""
"1"," ""1995-01-15"""
"1"," ""1995-02-01"""
"1"," ""1995-02-15"""
"1"," ""1995-03-01"""
"1"," ""1995-03-15"""
"1"," ""1995-04-01"""
"1"," ""1995-04-15"""
"1","
"
"1","[321]"
"1"," ""1995-05-01"""
"1"," ""1995-05-15"""
"1"," ""1995-06-01"""
"1"," ""1995-06-15"""
"1"," ""1995-07-01"""
"1"," ""1995-07-15"""
"1"," ""1995-08-01"""
"1"," ""1995-08-15"""
"1","
"
"1","[329]"
"1"," ""1995-09-01"""
"1"," ""1995-09-15"""
"1"," ""1995-10-01"""
"1"," ""1995-10-15"""
"1"," ""1995-11-01"""
"1"," ""1995-11-15"""
"1"," ""1995-12-01"""
"1"," ""1995-12-15"""
"1","
"
"1","[337]"
"1"," ""1996-01-01"""
"1"," ""1996-01-15"""
"1"," ""1996-02-01"""
"1"," ""1996-02-15"""
"1"," ""1996-03-01"""
"1"," ""1996-03-15"""
"1"," ""1996-04-01"""
"1"," ""1996-04-15"""
"1","
"
"1","[345]"
"1"," ""1996-05-01"""
"1"," ""1996-05-15"""
"1"," ""1996-06-01"""
"1"," ""1996-06-15"""
"1"," ""1996-07-01"""
"1"," ""1996-07-15"""
"1"," ""1996-08-01"""
"1"," ""1996-08-15"""
"1","
"
"1","[353]"
"1"," ""1996-09-01"""
"1"," ""1996-09-15"""
"1"," ""1996-10-01"""
"1"," ""1996-10-15"""
"1"," ""1996-11-01"""
"1"," ""1996-11-15"""
"1"," ""1996-12-01"""
"1"," ""1996-12-15"""
"1","
"
"1","[361]"
"1"," ""1997-01-01"""
"1"," ""1997-01-15"""
"1"," ""1997-02-01"""
"1"," ""1997-02-15"""
"1"," ""1997-03-01"""
"1"," ""1997-03-15"""
"1"," ""1997-04-01"""
"1"," ""1997-04-15"""
"1","
"
"1","[369]"
"1"," ""1997-05-01"""
"1"," ""1997-05-15"""
"1"," ""1997-06-01"""
"1"," ""1997-06-15"""
"1"," ""1997-07-01"""
"1"," ""1997-07-15"""
"1"," ""1997-08-01"""
"1"," ""1997-08-15"""
"1","
"
"1","[377]"
"1"," ""1997-09-01"""
"1"," ""1997-09-15"""
"1"," ""1997-10-01"""
"1"," ""1997-10-15"""
"1"," ""1997-11-01"""
"1"," ""1997-11-15"""
"1"," ""1997-12-01"""
"1"," ""1997-12-15"""
"1","
"
"1","[385]"
"1"," ""1998-01-01"""
"1"," ""1998-01-15"""
"1"," ""1998-02-01"""
"1"," ""1998-02-15"""
"1"," ""1998-03-01"""
"1"," ""1998-03-15"""
"1"," ""1998-04-01"""
"1"," ""1998-04-15"""
"1","
"
"1","[393]"
"1"," ""1998-05-01"""
"1"," ""1998-05-15"""
"1"," ""1998-06-01"""
"1"," ""1998-06-15"""
"1"," ""1998-07-01"""
"1"," ""1998-07-15"""
"1"," ""1998-08-01"""
"1"," ""1998-08-15"""
"1","
"
"1","[401]"
"1"," ""1998-09-01"""
"1"," ""1998-09-15"""
"1"," ""1998-10-01"""
"1"," ""1998-10-15"""
"1"," ""1998-11-01"""
"1"," ""1998-11-15"""
"1"," ""1998-12-01"""
"1"," ""1998-12-15"""
"1","
"
"1","[409]"
"1"," ""1999-01-01"""
"1"," ""1999-01-15"""
"1"," ""1999-02-01"""
"1"," ""1999-02-15"""
"1"," ""1999-03-01"""
"1"," ""1999-03-15"""
"1"," ""1999-04-01"""
"1"," ""1999-04-15"""
"1","
"
"1","[417]"
"1"," ""1999-05-01"""
"1"," ""1999-05-15"""
"1"," ""1999-06-01"""
"1"," ""1999-06-15"""
"1"," ""1999-07-01"""
"1"," ""1999-07-15"""
"1"," ""1999-08-01"""
"1"," ""1999-08-15"""
"1","
"
"1","[425]"
"1"," ""1999-09-01"""
"1"," ""1999-09-15"""
"1"," ""1999-10-01"""
"1"," ""1999-10-15"""
"1"," ""1999-11-01"""
"1"," ""1999-11-15"""
"1"," ""1999-12-01"""
"1"," ""1999-12-15"""
"1","
"
"1","[433]"
"1"," ""2000-01-01"""
"1"," ""2000-01-15"""
"1"," ""2000-02-01"""
"1"," ""2000-02-15"""
"1"," ""2000-03-01"""
"1"," ""2000-03-15"""
"1"," ""2000-04-01"""
"1"," ""2000-04-15"""
"1","
"
"1","[441]"
"1"," ""2000-05-01"""
"1"," ""2000-05-15"""
"1"," ""2000-06-01"""
"1"," ""2000-06-15"""
"1"," ""2000-07-01"""
"1"," ""2000-07-15"""
"1"," ""2000-08-01"""
"1"," ""2000-08-15"""
"1","
"
"1","[449]"
"1"," ""2000-09-01"""
"1"," ""2000-09-15"""
"1"," ""2000-10-01"""
"1"," ""2000-10-15"""
"1"," ""2000-11-01"""
"1"," ""2000-11-15"""
"1"," ""2000-12-01"""
"1"," ""2000-12-15"""
"1","
"
"1","[457]"
"1"," ""2001-01-01"""
"1"," ""2001-01-15"""
"1"," ""2001-02-01"""
"1"," ""2001-02-15"""
"1"," ""2001-03-01"""
"1"," ""2001-03-15"""
"1"," ""2001-04-01"""
"1"," ""2001-04-15"""
"1","
"
"1","[465]"
"1"," ""2001-05-01"""
"1"," ""2001-05-15"""
"1"," ""2001-06-01"""
"1"," ""2001-06-15"""
"1"," ""2001-07-01"""
"1"," ""2001-07-15"""
"1"," ""2001-08-01"""
"1"," ""2001-08-15"""
"1","
"
"1","[473]"
"1"," ""2001-09-01"""
"1"," ""2001-09-15"""
"1"," ""2001-10-01"""
"1"," ""2001-10-15"""
"1"," ""2001-11-01"""
"1"," ""2001-11-15"""
"1"," ""2001-12-01"""
"1"," ""2001-12-15"""
"1","
"
"1","[481]"
"1"," ""2002-01-01"""
"1"," ""2002-01-15"""
"1"," ""2002-02-01"""
"1"," ""2002-02-15"""
"1"," ""2002-03-01"""
"1"," ""2002-03-15"""
"1"," ""2002-04-01"""
"1"," ""2002-04-15"""
"1","
"
"1","[489]"
"1"," ""2002-05-01"""
"1"," ""2002-05-15"""
"1"," ""2002-06-01"""
"1"," ""2002-06-15"""
"1"," ""2002-07-01"""
"1"," ""2002-07-15"""
"1"," ""2002-08-01"""
"1"," ""2002-08-15"""
"1","
"
"1","[497]"
"1"," ""2002-09-01"""
"1"," ""2002-09-15"""
"1"," ""2002-10-01"""
"1"," ""2002-10-15"""
"1"," ""2002-11-01"""
"1"," ""2002-11-15"""
"1"," ""2002-12-01"""
"1"," ""2002-12-15"""
"1","
"
"1","[505]"
"1"," ""2003-01-01"""
"1"," ""2003-01-15"""
"1"," ""2003-02-01"""
"1"," ""2003-02-15"""
"1"," ""2003-03-01"""
"1"," ""2003-03-15"""
"1"," ""2003-04-01"""
"1"," ""2003-04-15"""
"1","
"
"1","[513]"
"1"," ""2003-05-01"""
"1"," ""2003-05-15"""
"1"," ""2003-06-01"""
"1"," ""2003-06-15"""
"1"," ""2003-07-01"""
"1"," ""2003-07-15"""
"1"," ""2003-08-01"""
"1"," ""2003-08-15"""
"1","
"
"1","[521]"
"1"," ""2003-09-01"""
"1"," ""2003-09-15"""
"1"," ""2003-10-01"""
"1"," ""2003-10-15"""
"1"," ""2003-11-01"""
"1"," ""2003-11-15"""
"1"," ""2003-12-01"""
"1"," ""2003-12-15"""
"1","
"
"1","[529]"
"1"," ""2004-01-01"""
"1"," ""2004-01-15"""
"1"," ""2004-02-01"""
"1"," ""2004-02-15"""
"1"," ""2004-03-01"""
"1"," ""2004-03-15"""
"1"," ""2004-04-01"""
"1"," ""2004-04-15"""
"1","
"
"1","[537]"
"1"," ""2004-05-01"""
"1"," ""2004-05-15"""
"1"," ""2004-06-01"""
"1"," ""2004-06-15"""
"1"," ""2004-07-01"""
"1"," ""2004-07-15"""
"1"," ""2004-08-01"""
"1"," ""2004-08-15"""
"1","
"
"1","[545]"
"1"," ""2004-09-01"""
"1"," ""2004-09-15"""
"1"," ""2004-10-01"""
"1"," ""2004-10-15"""
"1"," ""2004-11-01"""
"1"," ""2004-11-15"""
"1"," ""2004-12-01"""
"1"," ""2004-12-15"""
"1","
"
"1","[553]"
"1"," ""2005-01-01"""
"1"," ""2005-01-15"""
"1"," ""2005-02-01"""
"1"," ""2005-02-15"""
"1"," ""2005-03-01"""
"1"," ""2005-03-15"""
"1"," ""2005-04-01"""
"1"," ""2005-04-15"""
"1","
"
"1","[561]"
"1"," ""2005-05-01"""
"1"," ""2005-05-15"""
"1"," ""2005-06-01"""
"1"," ""2005-06-15"""
"1"," ""2005-07-01"""
"1"," ""2005-07-15"""
"1"," ""2005-08-01"""
"1"," ""2005-08-15"""
"1","
"
"1","[569]"
"1"," ""2005-09-01"""
"1"," ""2005-09-15"""
"1"," ""2005-10-01"""
"1"," ""2005-10-15"""
"1"," ""2005-11-01"""
"1"," ""2005-11-15"""
"1"," ""2005-12-01"""
"1"," ""2005-12-15"""
"1","
"
"1","[577]"
"1"," ""2006-01-01"""
"1"," ""2006-01-15"""
"1"," ""2006-02-01"""
"1"," ""2006-02-15"""
"1"," ""2006-03-01"""
"1"," ""2006-03-15"""
"1"," ""2006-04-01"""
"1"," ""2006-04-15"""
"1","
"
"1","[585]"
"1"," ""2006-05-01"""
"1"," ""2006-05-15"""
"1"," ""2006-06-01"""
"1"," ""2006-06-15"""
"1"," ""2006-07-01"""
"1"," ""2006-07-15"""
"1"," ""2006-08-01"""
"1"," ""2006-08-15"""
"1","
"
"1","[593]"
"1"," ""2006-09-01"""
"1"," ""2006-09-15"""
"1"," ""2006-10-01"""
"1"," ""2006-10-15"""
"1"," ""2006-11-01"""
"1"," ""2006-11-15"""
"1"," ""2006-12-01"""
"1"," ""2006-12-15"""
"1","
"
"1","[601]"
"1"," ""2007-01-01"""
"1"," ""2007-01-15"""
"1"," ""2007-02-01"""
"1"," ""2007-02-15"""
"1"," ""2007-03-01"""
"1"," ""2007-03-15"""
"1"," ""2007-04-01"""
"1"," ""2007-04-15"""
"1","
"
"1","[609]"
"1"," ""2007-05-01"""
"1"," ""2007-05-15"""
"1"," ""2007-06-01"""
"1"," ""2007-06-15"""
"1"," ""2007-07-01"""
"1"," ""2007-07-15"""
"1"," ""2007-08-01"""
"1"," ""2007-08-15"""
"1","
"
"1","[617]"
"1"," ""2007-09-01"""
"1"," ""2007-09-15"""
"1"," ""2007-10-01"""
"1"," ""2007-10-15"""
"1"," ""2007-11-01"""
"1"," ""2007-11-15"""
"1"," ""2007-12-01"""
"1"," ""2007-12-15"""
"1","
"
"1","[625]"
"1"," ""2008-01-01"""
"1"," ""2008-01-15"""
"1"," ""2008-02-01"""
"1"," ""2008-02-15"""
"1"," ""2008-03-01"""
"1"," ""2008-03-15"""
"1"," ""2008-04-01"""
"1"," ""2008-04-15"""
"1","
"
"1","[633]"
"1"," ""2008-05-01"""
"1"," ""2008-05-15"""
"1"," ""2008-06-01"""
"1"," ""2008-06-15"""
"1"," ""2008-07-01"""
"1"," ""2008-07-15"""
"1"," ""2008-08-01"""
"1"," ""2008-08-15"""
"1","
"
"1","[641]"
"1"," ""2008-09-01"""
"1"," ""2008-09-15"""
"1"," ""2008-10-01"""
"1"," ""2008-10-15"""
"1"," ""2008-11-01"""
"1"," ""2008-11-15"""
"1"," ""2008-12-01"""
"1"," ""2008-12-15"""
"1","
"
"1","[649]"
"1"," ""2009-01-01"""
"1"," ""2009-01-15"""
"1"," ""2009-02-01"""
"1"," ""2009-02-15"""
"1"," ""2009-03-01"""
"1"," ""2009-03-15"""
"1"," ""2009-04-01"""
"1"," ""2009-04-15"""
"1","
"
"1","[657]"
"1"," ""2009-05-01"""
"1"," ""2009-05-15"""
"1"," ""2009-06-01"""
"1"," ""2009-06-15"""
"1"," ""2009-07-01"""
"1"," ""2009-07-15"""
"1"," ""2009-08-01"""
"1"," ""2009-08-15"""
"1","
"
"1","[665]"
"1"," ""2009-09-01"""
"1"," ""2009-09-15"""
"1"," ""2009-10-01"""
"1"," ""2009-10-15"""
"1"," ""2009-11-01"""
"1"," ""2009-11-15"""
"1"," ""2009-12-01"""
"1"," ""2009-12-15"""
"1","
"
"1","[673]"
"1"," ""2010-01-01"""
"1"," ""2010-01-15"""
"1"," ""2010-02-01"""
"1"," ""2010-02-15"""
"1"," ""2010-03-01"""
"1"," ""2010-03-15"""
"1"," ""2010-04-01"""
"1"," ""2010-04-15"""
"1","
"
"1","[681]"
"1"," ""2010-05-01"""
"1"," ""2010-05-15"""
"1"," ""2010-06-01"""
"1"," ""2010-06-15"""
"1"," ""2010-07-01"""
"1"," ""2010-07-15"""
"1"," ""2010-08-01"""
"1"," ""2010-08-15"""
"1","
"
"1","[689]"
"1"," ""2010-09-01"""
"1"," ""2010-09-15"""
"1"," ""2010-10-01"""
"1"," ""2010-10-15"""
"1"," ""2010-11-01"""
"1"," ""2010-11-15"""
"1"," ""2010-12-01"""
"1"," ""2010-12-15"""
"1","
"
"1","[697]"
"1"," ""2011-01-01"""
"1"," ""2011-01-15"""
"1"," ""2011-02-01"""
"1"," ""2011-02-15"""
"1"," ""2011-03-01"""
"1"," ""2011-03-15"""
"1"," ""2011-04-01"""
"1"," ""2011-04-15"""
"1","
"
"1","[705]"
"1"," ""2011-05-01"""
"1"," ""2011-05-15"""
"1"," ""2011-06-01"""
"1"," ""2011-06-15"""
"1"," ""2011-07-01"""
"1"," ""2011-07-15"""
"1"," ""2011-08-01"""
"1"," ""2011-08-15"""
"1","
"
"1","[713]"
"1"," ""2011-09-01"""
"1"," ""2011-09-15"""
"1"," ""2011-10-01"""
"1"," ""2011-10-15"""
"1"," ""2011-11-01"""
"1"," ""2011-11-15"""
"1"," ""2011-12-01"""
"1"," ""2011-12-15"""
"1","
"
"1","[721]"
"1"," ""2012-01-01"""
"1"," ""2012-01-15"""
"1"," ""2012-02-01"""
"1"," ""2012-02-15"""
"1"," ""2012-03-01"""
"1"," ""2012-03-15"""
"1"," ""2012-04-01"""
"1"," ""2012-04-15"""
"1","
"
"1","[729]"
"1"," ""2012-05-01"""
"1"," ""2012-05-15"""
"1"," ""2012-06-01"""
"1"," ""2012-06-15"""
"1"," ""2012-07-01"""
"1"," ""2012-07-15"""
"1"," ""2012-08-01"""
"1"," ""2012-08-15"""
"1","
"
"1","[737]"
"1"," ""2012-09-01"""
"1"," ""2012-09-15"""
"1"," ""2012-10-01"""
"1"," ""2012-10-15"""
"1"," ""2012-11-01"""
"1"," ""2012-11-15"""
"1"," ""2012-12-01"""
"1"," ""2012-12-15"""
"1","
"
"1","[745]"
"1"," ""2013-01-01"""
"1"," ""2013-01-15"""
"1"," ""2013-02-01"""
"1"," ""2013-02-15"""
"1"," ""2013-03-01"""
"1"," ""2013-03-15"""
"1"," ""2013-04-01"""
"1"," ""2013-04-15"""
"1","
"
"1","[753]"
"1"," ""2013-05-01"""
"1"," ""2013-05-15"""
"1"," ""2013-06-01"""
"1"," ""2013-06-15"""
"1"," ""2013-07-01"""
"1"," ""2013-07-15"""
"1"," ""2013-08-01"""
"1"," ""2013-08-15"""
"1","
"
"1","[761]"
"1"," ""2013-09-01"""
"1"," ""2013-09-15"""
"1"," ""2013-10-01"""
"1"," ""2013-10-15"""
"1"," ""2013-11-01"""
"1"," ""2013-11-15"""
"1"," ""2013-12-01"""
"1"," ""2013-12-15"""
"1","
"
"1","[769]"
"1"," ""2014-01-01"""
"1"," ""2014-01-15"""
"1"," ""2014-02-01"""
"1"," ""2014-02-15"""
"1"," ""2014-03-01"""
"1"," ""2014-03-15"""
"1"," ""2014-04-01"""
"1"," ""2014-04-15"""
"1","
"
"1","[777]"
"1"," ""2014-05-01"""
"1"," ""2014-05-15"""
"1"," ""2014-06-01"""
"1"," ""2014-06-15"""
"1"," ""2014-07-01"""
"1"," ""2014-07-15"""
"1"," ""2014-08-01"""
"1"," ""2014-08-15"""
"1","
"
"1","[785]"
"1"," ""2014-09-01"""
"1"," ""2014-09-15"""
"1"," ""2014-10-01"""
"1"," ""2014-10-15"""
"1"," ""2014-11-01"""
"1"," ""2014-11-15"""
"1"," ""2014-12-01"""
"1"," ""2014-12-15"""
"1","
"
"1","[793]"
"1"," ""2015-01-01"""
"1"," ""2015-01-15"""
"1"," ""2015-02-01"""
"1"," ""2015-02-15"""
"1"," ""2015-03-01"""
"1"," ""2015-03-15"""
"1"," ""2015-04-01"""
"1"," ""2015-04-15"""
"1","
"
"1","[801]"
"1"," ""2015-05-01"""
"1"," ""2015-05-15"""
"1"," ""2015-06-01"""
"1"," ""2015-06-15"""
"1"," ""2015-07-01"""
"1"," ""2015-07-15"""
"1"," ""2015-08-01"""
"1"," ""2015-08-15"""
"1","
"
"1","[809]"
"1"," ""2015-09-01"""
"1"," ""2015-09-15"""
"1"," ""2015-10-01"""
"1"," ""2015-10-15"""
"1"," ""2015-11-01"""
"1"," ""2015-11-15"""
"1"," ""2015-12-01"""
"1"," ""2015-12-15"""
"1","
"
"1","
"
"1","$outputLayerDates
"
"1","  [1]"
"1"," ""1982-01-01"""
"1"," ""1982-01-15"""
"1"," ""1982-02-01"""
"1"," ""1982-02-15"""
"1"," ""1982-03-01"""
"1"," ""1982-03-15"""
"1"," ""1982-04-01"""
"1"," ""1982-04-15"""
"1","
"
"1","  [9]"
"1"," ""1982-05-01"""
"1"," ""1982-05-15"""
"1"," ""1982-06-01"""
"1"," ""1982-06-15"""
"1"," ""1982-07-01"""
"1"," ""1982-07-15"""
"1"," ""1982-08-01"""
"1"," ""1982-08-15"""
"1","
"
"1"," [17]"
"1"," ""1982-09-01"""
"1"," ""1982-09-15"""
"1"," ""1982-10-01"""
"1"," ""1982-10-15"""
"1"," ""1982-11-01"""
"1"," ""1982-11-15"""
"1"," ""1982-12-01"""
"1"," ""1982-12-15"""
"1","
"
"1"," [25]"
"1"," ""1983-01-01"""
"1"," ""1983-01-15"""
"1"," ""1983-02-01"""
"1"," ""1983-02-15"""
"1"," ""1983-03-01"""
"1"," ""1983-03-15"""
"1"," ""1983-04-01"""
"1"," ""1983-04-15"""
"1","
"
"1"," [33]"
"1"," ""1983-05-01"""
"1"," ""1983-05-15"""
"1"," ""1983-06-01"""
"1"," ""1983-06-15"""
"1"," ""1983-07-01"""
"1"," ""1983-07-15"""
"1"," ""1983-08-01"""
"1"," ""1983-08-15"""
"1","
"
"1"," [41]"
"1"," ""1983-09-01"""
"1"," ""1983-09-15"""
"1"," ""1983-10-01"""
"1"," ""1983-10-15"""
"1"," ""1983-11-01"""
"1"," ""1983-11-15"""
"1"," ""1983-12-01"""
"1"," ""1983-12-15"""
"1","
"
"1"," [49]"
"1"," ""1984-01-01"""
"1"," ""1984-01-15"""
"1"," ""1984-02-01"""
"1"," ""1984-02-15"""
"1"," ""1984-03-01"""
"1"," ""1984-03-15"""
"1"," ""1984-04-01"""
"1"," ""1984-04-15"""
"1","
"
"1"," [57]"
"1"," ""1984-05-01"""
"1"," ""1984-05-15"""
"1"," ""1984-06-01"""
"1"," ""1984-06-15"""
"1"," ""1984-07-01"""
"1"," ""1984-07-15"""
"1"," ""1984-08-01"""
"1"," ""1984-08-15"""
"1","
"
"1"," [65]"
"1"," ""1984-09-01"""
"1"," ""1984-09-15"""
"1"," ""1984-10-01"""
"1"," ""1984-10-15"""
"1"," ""1984-11-01"""
"1"," ""1984-11-15"""
"1"," ""1984-12-01"""
"1"," ""1984-12-15"""
"1","
"
"1"," [73]"
"1"," ""1985-01-01"""
"1"," ""1985-01-15"""
"1"," ""1985-02-01"""
"1"," ""1985-02-15"""
"1"," ""1985-03-01"""
"1"," ""1985-03-15"""
"1"," ""1985-04-01"""
"1"," ""1985-04-15"""
"1","
"
"1"," [81]"
"1"," ""1985-05-01"""
"1"," ""1985-05-15"""
"1"," ""1985-06-01"""
"1"," ""1985-06-15"""
"1"," ""1985-07-01"""
"1"," ""1985-07-15"""
"1"," ""1985-08-01"""
"1"," ""1985-08-15"""
"1","
"
"1"," [89]"
"1"," ""1985-09-01"""
"1"," ""1985-09-15"""
"1"," ""1985-10-01"""
"1"," ""1985-10-15"""
"1"," ""1985-11-01"""
"1"," ""1985-11-15"""
"1"," ""1985-12-01"""
"1"," ""1985-12-15"""
"1","
"
"1"," [97]"
"1"," ""1986-01-01"""
"1"," ""1986-01-15"""
"1"," ""1986-02-01"""
"1"," ""1986-02-15"""
"1"," ""1986-03-01"""
"1"," ""1986-03-15"""
"1"," ""1986-04-01"""
"1"," ""1986-04-15"""
"1","
"
"1","[105]"
"1"," ""1986-05-01"""
"1"," ""1986-05-15"""
"1"," ""1986-06-01"""
"1"," ""1986-06-15"""
"1"," ""1986-07-01"""
"1"," ""1986-07-15"""
"1"," ""1986-08-01"""
"1"," ""1986-08-15"""
"1","
"
"1","[113]"
"1"," ""1986-09-01"""
"1"," ""1986-09-15"""
"1"," ""1986-10-01"""
"1"," ""1986-10-15"""
"1"," ""1986-11-01"""
"1"," ""1986-11-15"""
"1"," ""1986-12-01"""
"1"," ""1986-12-15"""
"1","
"
"1","[121]"
"1"," ""1987-01-01"""
"1"," ""1987-01-15"""
"1"," ""1987-02-01"""
"1"," ""1987-02-15"""
"1"," ""1987-03-01"""
"1"," ""1987-03-15"""
"1"," ""1987-04-01"""
"1"," ""1987-04-15"""
"1","
"
"1","[129]"
"1"," ""1987-05-01"""
"1"," ""1987-05-15"""
"1"," ""1987-06-01"""
"1"," ""1987-06-15"""
"1"," ""1987-07-01"""
"1"," ""1987-07-15"""
"1"," ""1987-08-01"""
"1"," ""1987-08-15"""
"1","
"
"1","[137]"
"1"," ""1987-09-01"""
"1"," ""1987-09-15"""
"1"," ""1987-10-01"""
"1"," ""1987-10-15"""
"1"," ""1987-11-01"""
"1"," ""1987-11-15"""
"1"," ""1987-12-01"""
"1"," ""1987-12-15"""
"1","
"
"1","[145]"
"1"," ""1988-01-01"""
"1"," ""1988-01-15"""
"1"," ""1988-02-01"""
"1"," ""1988-02-15"""
"1"," ""1988-03-01"""
"1"," ""1988-03-15"""
"1"," ""1988-04-01"""
"1"," ""1988-04-15"""
"1","
"
"1","[153]"
"1"," ""1988-05-01"""
"1"," ""1988-05-15"""
"1"," ""1988-06-01"""
"1"," ""1988-06-15"""
"1"," ""1988-07-01"""
"1"," ""1988-07-15"""
"1"," ""1988-08-01"""
"1"," ""1988-08-15"""
"1","
"
"1","[161]"
"1"," ""1988-09-01"""
"1"," ""1988-09-15"""
"1"," ""1988-10-01"""
"1"," ""1988-10-15"""
"1"," ""1988-11-01"""
"1"," ""1988-11-15"""
"1"," ""1988-12-01"""
"1"," ""1988-12-15"""
"1","
"
"1","[169]"
"1"," ""1989-01-01"""
"1"," ""1989-01-15"""
"1"," ""1989-02-01"""
"1"," ""1989-02-15"""
"1"," ""1989-03-01"""
"1"," ""1989-03-15"""
"1"," ""1989-04-01"""
"1"," ""1989-04-15"""
"1","
"
"1","[177]"
"1"," ""1989-05-01"""
"1"," ""1989-05-15"""
"1"," ""1989-06-01"""
"1"," ""1989-06-15"""
"1"," ""1989-07-01"""
"1"," ""1989-07-15"""
"1"," ""1989-08-01"""
"1"," ""1989-08-15"""
"1","
"
"1","[185]"
"1"," ""1989-09-01"""
"1"," ""1989-09-15"""
"1"," ""1989-10-01"""
"1"," ""1989-10-15"""
"1"," ""1989-11-01"""
"1"," ""1989-11-15"""
"1"," ""1989-12-01"""
"1"," ""1989-12-15"""
"1","
"
"1","[193]"
"1"," ""1990-01-01"""
"1"," ""1990-01-15"""
"1"," ""1990-02-01"""
"1"," ""1990-02-15"""
"1"," ""1990-03-01"""
"1"," ""1990-03-15"""
"1"," ""1990-04-01"""
"1"," ""1990-04-15"""
"1","
"
"1","[201]"
"1"," ""1990-05-01"""
"1"," ""1990-05-15"""
"1"," ""1990-06-01"""
"1"," ""1990-06-15"""
"1"," ""1990-07-01"""
"1"," ""1990-07-15"""
"1"," ""1990-08-01"""
"1"," ""1990-08-15"""
"1","
"
"1","[209]"
"1"," ""1990-09-01"""
"1"," ""1990-09-15"""
"1"," ""1990-10-01"""
"1"," ""1990-10-15"""
"1"," ""1990-11-01"""
"1"," ""1990-11-15"""
"1"," ""1990-12-01"""
"1"," ""1990-12-15"""
"1","
"
"1","[217]"
"1"," ""1991-01-01"""
"1"," ""1991-01-15"""
"1"," ""1991-02-01"""
"1"," ""1991-02-15"""
"1"," ""1991-03-01"""
"1"," ""1991-03-15"""
"1"," ""1991-04-01"""
"1"," ""1991-04-15"""
"1","
"
"1","[225]"
"1"," ""1991-05-01"""
"1"," ""1991-05-15"""
"1"," ""1991-06-01"""
"1"," ""1991-06-15"""
"1"," ""1991-07-01"""
"1"," ""1991-07-15"""
"1"," ""1991-08-01"""
"1"," ""1991-08-15"""
"1","
"
"1","[233]"
"1"," ""1991-09-01"""
"1"," ""1991-09-15"""
"1"," ""1991-10-01"""
"1"," ""1991-10-15"""
"1"," ""1991-11-01"""
"1"," ""1991-11-15"""
"1"," ""1991-12-01"""
"1"," ""1991-12-15"""
"1","
"
"1","[241]"
"1"," ""1992-01-01"""
"1"," ""1992-01-15"""
"1"," ""1992-02-01"""
"1"," ""1992-02-15"""
"1"," ""1992-03-01"""
"1"," ""1992-03-15"""
"1"," ""1992-04-01"""
"1"," ""1992-04-15"""
"1","
"
"1","[249]"
"1"," ""1992-05-01"""
"1"," ""1992-05-15"""
"1"," ""1992-06-01"""
"1"," ""1992-06-15"""
"1"," ""1992-07-01"""
"1"," ""1992-07-15"""
"1"," ""1992-08-01"""
"1"," ""1992-08-15"""
"1","
"
"1","[257]"
"1"," ""1992-09-01"""
"1"," ""1992-09-15"""
"1"," ""1992-10-01"""
"1"," ""1992-10-15"""
"1"," ""1992-11-01"""
"1"," ""1992-11-15"""
"1"," ""1992-12-01"""
"1"," ""1992-12-15"""
"1","
"
"1","[265]"
"1"," ""1993-01-01"""
"1"," ""1993-01-15"""
"1"," ""1993-02-01"""
"1"," ""1993-02-15"""
"1"," ""1993-03-01"""
"1"," ""1993-03-15"""
"1"," ""1993-04-01"""
"1"," ""1993-04-15"""
"1","
"
"1","[273]"
"1"," ""1993-05-01"""
"1"," ""1993-05-15"""
"1"," ""1993-06-01"""
"1"," ""1993-06-15"""
"1"," ""1993-07-01"""
"1"," ""1993-07-15"""
"1"," ""1993-08-01"""
"1"," ""1993-08-15"""
"1","
"
"1","[281]"
"1"," ""1993-09-01"""
"1"," ""1993-09-15"""
"1"," ""1993-10-01"""
"1"," ""1993-10-15"""
"1"," ""1993-11-01"""
"1"," ""1993-11-15"""
"1"," ""1993-12-01"""
"1"," ""1993-12-15"""
"1","
"
"1","[289]"
"1"," ""1994-01-01"""
"1"," ""1994-01-15"""
"1"," ""1994-02-01"""
"1"," ""1994-02-15"""
"1"," ""1994-03-01"""
"1"," ""1994-03-15"""
"1"," ""1994-04-01"""
"1"," ""1994-04-15"""
"1","
"
"1","[297]"
"1"," ""1994-05-01"""
"1"," ""1994-05-15"""
"1"," ""1994-06-01"""
"1"," ""1994-06-15"""
"1"," ""1994-07-01"""
"1"," ""1994-07-15"""
"1"," ""1994-08-01"""
"1"," ""1994-08-15"""
"1","
"
"1","[305]"
"1"," ""1994-09-01"""
"1"," ""1994-09-15"""
"1"," ""1994-10-01"""
"1"," ""1994-10-15"""
"1"," ""1994-11-01"""
"1"," ""1994-11-15"""
"1"," ""1994-12-01"""
"1"," ""1994-12-15"""
"1","
"
"1","[313]"
"1"," ""1995-01-01"""
"1"," ""1995-01-15"""
"1"," ""1995-02-01"""
"1"," ""1995-02-15"""
"1"," ""1995-03-01"""
"1"," ""1995-03-15"""
"1"," ""1995-04-01"""
"1"," ""1995-04-15"""
"1","
"
"1","[321]"
"1"," ""1995-05-01"""
"1"," ""1995-05-15"""
"1"," ""1995-06-01"""
"1"," ""1995-06-15"""
"1"," ""1995-07-01"""
"1"," ""1995-07-15"""
"1"," ""1995-08-01"""
"1"," ""1995-08-15"""
"1","
"
"1","[329]"
"1"," ""1995-09-01"""
"1"," ""1995-09-15"""
"1"," ""1995-10-01"""
"1"," ""1995-10-15"""
"1"," ""1995-11-01"""
"1"," ""1995-11-15"""
"1"," ""1995-12-01"""
"1"," ""1995-12-15"""
"1","
"
"1","[337]"
"1"," ""1996-01-01"""
"1"," ""1996-01-15"""
"1"," ""1996-02-01"""
"1"," ""1996-02-15"""
"1"," ""1996-03-01"""
"1"," ""1996-03-15"""
"1"," ""1996-04-01"""
"1"," ""1996-04-15"""
"1","
"
"1","[345]"
"1"," ""1996-05-01"""
"1"," ""1996-05-15"""
"1"," ""1996-06-01"""
"1"," ""1996-06-15"""
"1"," ""1996-07-01"""
"1"," ""1996-07-15"""
"1"," ""1996-08-01"""
"1"," ""1996-08-15"""
"1","
"
"1","[353]"
"1"," ""1996-09-01"""
"1"," ""1996-09-15"""
"1"," ""1996-10-01"""
"1"," ""1996-10-15"""
"1"," ""1996-11-01"""
"1"," ""1996-11-15"""
"1"," ""1996-12-01"""
"1"," ""1996-12-15"""
"1","
"
"1","[361]"
"1"," ""1997-01-01"""
"1"," ""1997-01-15"""
"1"," ""1997-02-01"""
"1"," ""1997-02-15"""
"1"," ""1997-03-01"""
"1"," ""1997-03-15"""
"1"," ""1997-04-01"""
"1"," ""1997-04-15"""
"1","
"
"1","[369]"
"1"," ""1997-05-01"""
"1"," ""1997-05-15"""
"1"," ""1997-06-01"""
"1"," ""1997-06-15"""
"1"," ""1997-07-01"""
"1"," ""1997-07-15"""
"1"," ""1997-08-01"""
"1"," ""1997-08-15"""
"1","
"
"1","[377]"
"1"," ""1997-09-01"""
"1"," ""1997-09-15"""
"1"," ""1997-10-01"""
"1"," ""1997-10-15"""
"1"," ""1997-11-01"""
"1"," ""1997-11-15"""
"1"," ""1997-12-01"""
"1"," ""1997-12-15"""
"1","
"
"1","[385]"
"1"," ""1998-01-01"""
"1"," ""1998-01-15"""
"1"," ""1998-02-01"""
"1"," ""1998-02-15"""
"1"," ""1998-03-01"""
"1"," ""1998-03-15"""
"1"," ""1998-04-01"""
"1"," ""1998-04-15"""
"1","
"
"1","[393]"
"1"," ""1998-05-01"""
"1"," ""1998-05-15"""
"1"," ""1998-06-01"""
"1"," ""1998-06-15"""
"1"," ""1998-07-01"""
"1"," ""1998-07-15"""
"1"," ""1998-08-01"""
"1"," ""1998-08-15"""
"1","
"
"1","[401]"
"1"," ""1998-09-01"""
"1"," ""1998-09-15"""
"1"," ""1998-10-01"""
"1"," ""1998-10-15"""
"1"," ""1998-11-01"""
"1"," ""1998-11-15"""
"1"," ""1998-12-01"""
"1"," ""1998-12-15"""
"1","
"
"1","[409]"
"1"," ""1999-01-01"""
"1"," ""1999-01-15"""
"1"," ""1999-02-01"""
"1"," ""1999-02-15"""
"1"," ""1999-03-01"""
"1"," ""1999-03-15"""
"1"," ""1999-04-01"""
"1"," ""1999-04-15"""
"1","
"
"1","[417]"
"1"," ""1999-05-01"""
"1"," ""1999-05-15"""
"1"," ""1999-06-01"""
"1"," ""1999-06-15"""
"1"," ""1999-07-01"""
"1"," ""1999-07-15"""
"1"," ""1999-08-01"""
"1"," ""1999-08-15"""
"1","
"
"1","[425]"
"1"," ""1999-09-01"""
"1"," ""1999-09-15"""
"1"," ""1999-10-01"""
"1"," ""1999-10-15"""
"1"," ""1999-11-01"""
"1"," ""1999-11-15"""
"1"," ""1999-12-01"""
"1"," ""1999-12-15"""
"1","
"
"1","[433]"
"1"," ""2000-01-01"""
"1"," ""2000-01-15"""
"1"," ""2000-02-01"""
"1"," ""2000-02-15"""
"1"," ""2000-03-01"""
"1"," ""2000-03-15"""
"1"," ""2000-04-01"""
"1"," ""2000-04-15"""
"1","
"
"1","[441]"
"1"," ""2000-05-01"""
"1"," ""2000-05-15"""
"1"," ""2000-06-01"""
"1"," ""2000-06-15"""
"1"," ""2000-07-01"""
"1"," ""2000-07-15"""
"1"," ""2000-08-01"""
"1"," ""2000-08-15"""
"1","
"
"1","[449]"
"1"," ""2000-09-01"""
"1"," ""2000-09-15"""
"1"," ""2000-10-01"""
"1"," ""2000-10-15"""
"1"," ""2000-11-01"""
"1"," ""2000-11-15"""
"1"," ""2000-12-01"""
"1"," ""2000-12-15"""
"1","
"
"1","[457]"
"1"," ""2001-01-01"""
"1"," ""2001-01-15"""
"1"," ""2001-02-01"""
"1"," ""2001-02-15"""
"1"," ""2001-03-01"""
"1"," ""2001-03-15"""
"1"," ""2001-04-01"""
"1"," ""2001-04-15"""
"1","
"
"1","[465]"
"1"," ""2001-05-01"""
"1"," ""2001-05-15"""
"1"," ""2001-06-01"""
"1"," ""2001-06-15"""
"1"," ""2001-07-01"""
"1"," ""2001-07-15"""
"1"," ""2001-08-01"""
"1"," ""2001-08-15"""
"1","
"
"1","[473]"
"1"," ""2001-09-01"""
"1"," ""2001-09-15"""
"1"," ""2001-10-01"""
"1"," ""2001-10-15"""
"1"," ""2001-11-01"""
"1"," ""2001-11-15"""
"1"," ""2001-12-01"""
"1"," ""2001-12-15"""
"1","
"
"1","[481]"
"1"," ""2002-01-01"""
"1"," ""2002-01-15"""
"1"," ""2002-02-01"""
"1"," ""2002-02-15"""
"1"," ""2002-03-01"""
"1"," ""2002-03-15"""
"1"," ""2002-04-01"""
"1"," ""2002-04-15"""
"1","
"
"1","[489]"
"1"," ""2002-05-01"""
"1"," ""2002-05-15"""
"1"," ""2002-06-01"""
"1"," ""2002-06-15"""
"1"," ""2002-07-01"""
"1"," ""2002-07-15"""
"1"," ""2002-08-01"""
"1"," ""2002-08-15"""
"1","
"
"1","[497]"
"1"," ""2002-09-01"""
"1"," ""2002-09-15"""
"1"," ""2002-10-01"""
"1"," ""2002-10-15"""
"1"," ""2002-11-01"""
"1"," ""2002-11-15"""
"1"," ""2002-12-01"""
"1"," ""2002-12-15"""
"1","
"
"1","[505]"
"1"," ""2003-01-01"""
"1"," ""2003-01-15"""
"1"," ""2003-02-01"""
"1"," ""2003-02-15"""
"1"," ""2003-03-01"""
"1"," ""2003-03-15"""
"1"," ""2003-04-01"""
"1"," ""2003-04-15"""
"1","
"
"1","[513]"
"1"," ""2003-05-01"""
"1"," ""2003-05-15"""
"1"," ""2003-06-01"""
"1"," ""2003-06-15"""
"1"," ""2003-07-01"""
"1"," ""2003-07-15"""
"1"," ""2003-08-01"""
"1"," ""2003-08-15"""
"1","
"
"1","[521]"
"1"," ""2003-09-01"""
"1"," ""2003-09-15"""
"1"," ""2003-10-01"""
"1"," ""2003-10-15"""
"1"," ""2003-11-01"""
"1"," ""2003-11-15"""
"1"," ""2003-12-01"""
"1"," ""2003-12-15"""
"1","
"
"1","[529]"
"1"," ""2004-01-01"""
"1"," ""2004-01-15"""
"1"," ""2004-02-01"""
"1"," ""2004-02-15"""
"1"," ""2004-03-01"""
"1"," ""2004-03-15"""
"1"," ""2004-04-01"""
"1"," ""2004-04-15"""
"1","
"
"1","[537]"
"1"," ""2004-05-01"""
"1"," ""2004-05-15"""
"1"," ""2004-06-01"""
"1"," ""2004-06-15"""
"1"," ""2004-07-01"""
"1"," ""2004-07-15"""
"1"," ""2004-08-01"""
"1"," ""2004-08-15"""
"1","
"
"1","[545]"
"1"," ""2004-09-01"""
"1"," ""2004-09-15"""
"1"," ""2004-10-01"""
"1"," ""2004-10-15"""
"1"," ""2004-11-01"""
"1"," ""2004-11-15"""
"1"," ""2004-12-01"""
"1"," ""2004-12-15"""
"1","
"
"1","[553]"
"1"," ""2005-01-01"""
"1"," ""2005-01-15"""
"1"," ""2005-02-01"""
"1"," ""2005-02-15"""
"1"," ""2005-03-01"""
"1"," ""2005-03-15"""
"1"," ""2005-04-01"""
"1"," ""2005-04-15"""
"1","
"
"1","[561]"
"1"," ""2005-05-01"""
"1"," ""2005-05-15"""
"1"," ""2005-06-01"""
"1"," ""2005-06-15"""
"1"," ""2005-07-01"""
"1"," ""2005-07-15"""
"1"," ""2005-08-01"""
"1"," ""2005-08-15"""
"1","
"
"1","[569]"
"1"," ""2005-09-01"""
"1"," ""2005-09-15"""
"1"," ""2005-10-01"""
"1"," ""2005-10-15"""
"1"," ""2005-11-01"""
"1"," ""2005-11-15"""
"1"," ""2005-12-01"""
"1"," ""2005-12-15"""
"1","
"
"1","[577]"
"1"," ""2006-01-01"""
"1"," ""2006-01-15"""
"1"," ""2006-02-01"""
"1"," ""2006-02-15"""
"1"," ""2006-03-01"""
"1"," ""2006-03-15"""
"1"," ""2006-04-01"""
"1"," ""2006-04-15"""
"1","
"
"1","[585]"
"1"," ""2006-05-01"""
"1"," ""2006-05-15"""
"1"," ""2006-06-01"""
"1"," ""2006-06-15"""
"1"," ""2006-07-01"""
"1"," ""2006-07-15"""
"1"," ""2006-08-01"""
"1"," ""2006-08-15"""
"1","
"
"1","[593]"
"1"," ""2006-09-01"""
"1"," ""2006-09-15"""
"1"," ""2006-10-01"""
"1"," ""2006-10-15"""
"1"," ""2006-11-01"""
"1"," ""2006-11-15"""
"1"," ""2006-12-01"""
"1"," ""2006-12-15"""
"1","
"
"1","[601]"
"1"," ""2007-01-01"""
"1"," ""2007-01-15"""
"1"," ""2007-02-01"""
"1"," ""2007-02-15"""
"1"," ""2007-03-01"""
"1"," ""2007-03-15"""
"1"," ""2007-04-01"""
"1"," ""2007-04-15"""
"1","
"
"1","[609]"
"1"," ""2007-05-01"""
"1"," ""2007-05-15"""
"1"," ""2007-06-01"""
"1"," ""2007-06-15"""
"1"," ""2007-07-01"""
"1"," ""2007-07-15"""
"1"," ""2007-08-01"""
"1"," ""2007-08-15"""
"1","
"
"1","[617]"
"1"," ""2007-09-01"""
"1"," ""2007-09-15"""
"1"," ""2007-10-01"""
"1"," ""2007-10-15"""
"1"," ""2007-11-01"""
"1"," ""2007-11-15"""
"1"," ""2007-12-01"""
"1"," ""2007-12-15"""
"1","
"
"1","[625]"
"1"," ""2008-01-01"""
"1"," ""2008-01-15"""
"1"," ""2008-02-01"""
"1"," ""2008-02-15"""
"1"," ""2008-03-01"""
"1"," ""2008-03-15"""
"1"," ""2008-04-01"""
"1"," ""2008-04-15"""
"1","
"
"1","[633]"
"1"," ""2008-05-01"""
"1"," ""2008-05-15"""
"1"," ""2008-06-01"""
"1"," ""2008-06-15"""
"1"," ""2008-07-01"""
"1"," ""2008-07-15"""
"1"," ""2008-08-01"""
"1"," ""2008-08-15"""
"1","
"
"1","[641]"
"1"," ""2008-09-01"""
"1"," ""2008-09-15"""
"1"," ""2008-10-01"""
"1"," ""2008-10-15"""
"1"," ""2008-11-01"""
"1"," ""2008-11-15"""
"1"," ""2008-12-01"""
"1"," ""2008-12-15"""
"1","
"
"1","[649]"
"1"," ""2009-01-01"""
"1"," ""2009-01-15"""
"1"," ""2009-02-01"""
"1"," ""2009-02-15"""
"1"," ""2009-03-01"""
"1"," ""2009-03-15"""
"1"," ""2009-04-01"""
"1"," ""2009-04-15"""
"1","
"
"1","[657]"
"1"," ""2009-05-01"""
"1"," ""2009-05-15"""
"1"," ""2009-06-01"""
"1"," ""2009-06-15"""
"1"," ""2009-07-01"""
"1"," ""2009-07-15"""
"1"," ""2009-08-01"""
"1"," ""2009-08-15"""
"1","
"
"1","[665]"
"1"," ""2009-09-01"""
"1"," ""2009-09-15"""
"1"," ""2009-10-01"""
"1"," ""2009-10-15"""
"1"," ""2009-11-01"""
"1"," ""2009-11-15"""
"1"," ""2009-12-01"""
"1"," ""2009-12-15"""
"1","
"
"1","[673]"
"1"," ""2010-01-01"""
"1"," ""2010-01-15"""
"1"," ""2010-02-01"""
"1"," ""2010-02-15"""
"1"," ""2010-03-01"""
"1"," ""2010-03-15"""
"1"," ""2010-04-01"""
"1"," ""2010-04-15"""
"1","
"
"1","[681]"
"1"," ""2010-05-01"""
"1"," ""2010-05-15"""
"1"," ""2010-06-01"""
"1"," ""2010-06-15"""
"1"," ""2010-07-01"""
"1"," ""2010-07-15"""
"1"," ""2010-08-01"""
"1"," ""2010-08-15"""
"1","
"
"1","[689]"
"1"," ""2010-09-01"""
"1"," ""2010-09-15"""
"1"," ""2010-10-01"""
"1"," ""2010-10-15"""
"1"," ""2010-11-01"""
"1"," ""2010-11-15"""
"1"," ""2010-12-01"""
"1"," ""2010-12-15"""
"1","
"
"1","[697]"
"1"," ""2011-01-01"""
"1"," ""2011-01-15"""
"1"," ""2011-02-01"""
"1"," ""2011-02-15"""
"1"," ""2011-03-01"""
"1"," ""2011-03-15"""
"1"," ""2011-04-01"""
"1"," ""2011-04-15"""
"1","
"
"1","[705]"
"1"," ""2011-05-01"""
"1"," ""2011-05-15"""
"1"," ""2011-06-01"""
"1"," ""2011-06-15"""
"1"," ""2011-07-01"""
"1"," ""2011-07-15"""
"1"," ""2011-08-01"""
"1"," ""2011-08-15"""
"1","
"
"1","[713]"
"1"," ""2011-09-01"""
"1"," ""2011-09-15"""
"1"," ""2011-10-01"""
"1"," ""2011-10-15"""
"1"," ""2011-11-01"""
"1"," ""2011-11-15"""
"1"," ""2011-12-01"""
"1"," ""2011-12-15"""
"1","
"
"1","[721]"
"1"," ""2012-01-01"""
"1"," ""2012-01-15"""
"1"," ""2012-02-01"""
"1"," ""2012-02-15"""
"1"," ""2012-03-01"""
"1"," ""2012-03-15"""
"1"," ""2012-04-01"""
"1"," ""2012-04-15"""
"1","
"
"1","[729]"
"1"," ""2012-05-01"""
"1"," ""2012-05-15"""
"1"," ""2012-06-01"""
"1"," ""2012-06-15"""
"1"," ""2012-07-01"""
"1"," ""2012-07-15"""
"1"," ""2012-08-01"""
"1"," ""2012-08-15"""
"1","
"
"1","[737]"
"1"," ""2012-09-01"""
"1"," ""2012-09-15"""
"1"," ""2012-10-01"""
"1"," ""2012-10-15"""
"1"," ""2012-11-01"""
"1"," ""2012-11-15"""
"1"," ""2012-12-01"""
"1"," ""2012-12-15"""
"1","
"
"1","[745]"
"1"," ""2013-01-01"""
"1"," ""2013-01-15"""
"1"," ""2013-02-01"""
"1"," ""2013-02-15"""
"1"," ""2013-03-01"""
"1"," ""2013-03-15"""
"1"," ""2013-04-01"""
"1"," ""2013-04-15"""
"1","
"
"1","[753]"
"1"," ""2013-05-01"""
"1"," ""2013-05-15"""
"1"," ""2013-06-01"""
"1"," ""2013-06-15"""
"1"," ""2013-07-01"""
"1"," ""2013-07-15"""
"1"," ""2013-08-01"""
"1"," ""2013-08-15"""
"1","
"
"1","[761]"
"1"," ""2013-09-01"""
"1"," ""2013-09-15"""
"1"," ""2013-10-01"""
"1"," ""2013-10-15"""
"1"," ""2013-11-01"""
"1"," ""2013-11-15"""
"1"," ""2013-12-01"""
"1"," ""2013-12-15"""
"1","
"
"1","[769]"
"1"," ""2014-01-01"""
"1"," ""2014-01-15"""
"1"," ""2014-02-01"""
"1"," ""2014-02-15"""
"1"," ""2014-03-01"""
"1"," ""2014-03-15"""
"1"," ""2014-04-01"""
"1"," ""2014-04-15"""
"1","
"
"1","[777]"
"1"," ""2014-05-01"""
"1"," ""2014-05-15"""
"1"," ""2014-06-01"""
"1"," ""2014-06-15"""
"1"," ""2014-07-01"""
"1"," ""2014-07-15"""
"1"," ""2014-08-01"""
"1"," ""2014-08-15"""
"1","
"
"1","[785]"
"1"," ""2014-09-01"""
"1"," ""2014-09-15"""
"1"," ""2014-10-01"""
"1"," ""2014-10-15"""
"1"," ""2014-11-01"""
"1"," ""2014-11-15"""
"1"," ""2014-12-01"""
"1"," ""2014-12-15"""
"1","
"
"1","[793]"
"1"," ""2015-01-01"""
"1"," ""2015-01-15"""
"1"," ""2015-02-01"""
"1"," ""2015-02-15"""
"1"," ""2015-03-01"""
"1"," ""2015-03-15"""
"1"," ""2015-04-01"""
"1"," ""2015-04-15"""
"1","
"
"1","[801]"
"1"," ""2015-05-01"""
"1"," ""2015-05-15"""
"1"," ""2015-06-01"""
"1"," ""2015-06-15"""
"1"," ""2015-07-01"""
"1"," ""2015-07-15"""
"1"," ""2015-08-01"""
"1"," ""2015-08-15"""
"1","
"
"1","[809]"
"1"," ""2015-09-01"""
"1"," ""2015-09-15"""
"1"," ""2015-10-01"""
"1"," ""2015-10-15"""
"1"," ""2015-11-01"""
"1"," ""2015-11-15"""
"1"," ""2015-12-01"""
"1"," ""2015-12-15"""
"1","
"
"1","
"
"1","$call
"
"1","$call$pos1
"
"1","[1]"
"1"," 1"
"1","
"
"1","
"
"1","$call$pos2
"
"1","[1]"
"1"," 10"
"1","
"
"1","
"
"1","$call$format
"
"1","[1]"
"1"," ""%Y-%m-%d"""
"1","
"
"1","
"
"1","$call$asDate
"
"1","[1]"
"1"," TRUE"
"1","
"
"1","
"
"1","$call$nDays
"
"1","[1]"
"1"," ""asIn"""
"1","
"
"1","
"
"1","$call$pillow
"
"1","[1]"
"1"," 75"
"1","
"
"1","
"
"1","
"
